Start time,End time,Access_Token_DEV,Login_Icon_DEV,Satiro_Login,Satiro_Login_LH,Satiro Server,Satiro_Serve_LH,Access_Token_UAT,Login_Icon_UAT,Medusa_Login,Medusa_Login_LH,Medusa_Server,Medusa_Server_LH
2025-04-15 18:42:43,2025-04-15 18:56:43,OK,OK,OK,OK,BAD,BAD,OK,OK,OK,BAD,OK,WARN
2025-04-15 18:58:26,2025-04-15 19:12:26,OK,OK,OK,OK,BAD,BAD,OK,OK,OK,OK,OK,OK
2025-04-15 19:14:17,2025-04-15 19:28:17,OK,OK,OK,OK,BAD,BAD,OK,OK,OK,OK,OK,OK
2025-04-15 19:30:06,2025-04-15 19:44:06,OK,OK,OK,OK,BAD,BAD,OK,OK,OK,OK,OK,OK
2025-04-15 19:46:06,2025-04-15 20:00:06,OK,BAD,OK,BAD,BAD,WARN,OK,OK,OK,OK,OK,OK
2025-04-15 20:01:54,2025-04-15 20:15:54,OK,BAD,OK,BAD,BAD,WARN,OK,OK,OK,OK,OK,OK
2025-04-15 20:17:53,2025-04-15 20:31:53,OK,BAD,OK,BAD,BAD,WARN,OK,OK,OK,OK,OK,OK
2025-04-15 20:33:49,2025-04-15 20:47:49,OK,BAD,OK,BAD,BAD,WARN,OK,OK,OK,OK,OK,OK
2025-04-15 20:49:44,2025-04-15 21:03:44,OK,BAD,OK,BAD,BAD,WARN,OK,OK,OK,OK,OK,OK
2025-04-15 21:05:44,2025-04-15 21:19:44,OK,BAD,OK,BAD,BAD,WARN,OK,OK,OK,OK,OK,OK
2025-04-15 21:21:37,2025-04-15 21:35:37,OK,BAD,OK,BAD,BAD,WARN,OK,OK,OK,OK,OK,OK
2025-04-15 21:37:27,2025-04-15 21:51:27,OK,BAD,OK,BAD,BAD,WARN,OK,OK,OK,OK,OK,OK
2025-04-15 21:53:19,2025-04-15 22:07:19,OK,BAD,OK,BAD,BAD,WARN,OK,OK,OK,OK,OK,OK
2025-04-15 22:09:23,2025-04-15 22:23:23,OK,BAD,OK,BAD,BAD,WARN,OK,OK,OK,OK,OK,OK
2025-04-15 22:25:33,2025-04-15 22:39:33,OK,BAD,OK,BAD,BAD,WARN,OK,OK,OK,OK,OK,OK
2025-04-15 22:41:47,2025-04-15 22:55:47,OK,BAD,OK,BAD,BAD,WARN,OK,OK,OK,OK,OK,OK
2025-04-15 22:57:48,2025-04-15 23:11:48,OK,BAD,OK,BAD,BAD,WARN,OK,OK,OK,OK,OK,OK
2025-04-15 23:13:47,2025-04-15 23:27:47,OK,BAD,OK,BAD,BAD,WARN,OK,OK,OK,OK,OK,OK
2025-04-15 23:29:54,2025-04-15 23:43:54,OK,BAD,OK,BAD,BAD,WARN,OK,OK,OK,OK,OK,OK
2025-04-15 23:46:01,2025-04-16 00:00:01,OK,BAD,OK,BAD,BAD,WARN,OK,OK,OK,OK,OK,OK
2025-04-16 00:01:58,2025-04-16 00:15:58,OK,BAD,OK,BAD,BAD,WARN,OK,OK,OK,OK,OK,OK
2025-04-16 00:18:00,2025-04-16 00:32:00,OK,BAD,OK,BAD,BAD,WARN,OK,OK,OK,OK,OK,OK
2025-04-16 00:34:01,2025-04-16 00:48:01,OK,BAD,OK,BAD,BAD,WARN,OK,OK,OK,OK,OK,OK
2025-04-16 00:49:59,2025-04-16 01:03:59,OK,BAD,OK,BAD,BAD,WARN,OK,OK,OK,OK,OK,OK
2025-04-16 01:06:11,2025-04-16 01:20:11,BAD,WARN,OK,BAD,BAD,WARN,BAD,WARN,OK,BAD,OK,WARN
2025-04-16 01:22:35,2025-04-16 01:36:35,BAD,WARN,OK,BAD,BAD,WARN,BAD,WARN,OK,BAD,OK,WARN
2025-04-16 01:39:03,2025-04-16 01:53:03,BAD,WARN,OK,BAD,BAD,WARN,BAD,WARN,OK,BAD,OK,WARN
2025-04-16 01:55:28,2025-04-16 02:09:28,BAD,WARN,OK,BAD,BAD,WARN,BAD,WARN,OK,BAD,OK,WARN
2025-04-16 02:11:54,2025-04-16 02:25:54,BAD,WARN,OK,BAD,BAD,WARN,BAD,WARN,OK,BAD,OK,WARN
2025-04-16 02:28:24,2025-04-16 02:42:24,BAD,WARN,OK,BAD,BAD,WARN,BAD,WARN,OK,BAD,OK,WARN
2025-04-16 02:44:46,2025-04-16 02:58:46,BAD,WARN,OK,BAD,BAD,WARN,BAD,WARN,OK,BAD,OK,WARN
2025-04-16 03:01:10,2025-04-16 03:15:10,BAD,WARN,OK,BAD,BAD,WARN,BAD,WARN,OK,BAD,OK,WARN
2025-04-16 03:17:43,2025-04-16 03:31:43,BAD,WARN,OK,BAD,BAD,WARN,BAD,WARN,OK,BAD,OK,WARN
2025-04-16 03:34:12,2025-04-16 03:48:12,BAD,WARN,OK,BAD,BAD,WARN,BAD,WARN,OK,BAD,OK,WARN
2025-04-16 03:50:42,2025-04-16 04:04:42,BAD,WARN,OK,BAD,BAD,WARN,BAD,WARN,OK,BAD,OK,WARN
2025-04-16 04:07:14,2025-04-16 04:21:14,BAD,WARN,OK,BAD,BAD,WARN,BAD,WARN,OK,BAD,OK,WARN
2025-04-16 04:23:43,2025-04-16 04:37:43,BAD,WARN,OK,BAD,BAD,WARN,BAD,WARN,OK,BAD,OK,WARN
2025-04-16 04:40:08,2025-04-16 04:54:08,BAD,WARN,OK,BAD,BAD,WARN,BAD,WARN,OK,BAD,OK,WARN
2025-04-16 04:56:37,2025-04-16 05:10:37,BAD,WARN,OK,BAD,BAD,WARN,BAD,WARN,OK,BAD,OK,WARN
2025-04-16 05:13:09,2025-04-16 05:27:09,BAD,WARN,OK,BAD,BAD,WARN,BAD,WARN,BAD,OK,WARN,BAD
2025-04-16 05:29:28,2025-04-16 05:43:28,BAD,WARN,OK,BAD,BAD,WARN,BAD,WARN,BAD,OK,WARN,BAD
2025-04-16 05:46:18,2025-04-16 06:00:18,BAD,WARN,OK,BAD,BAD,WARN,BAD,WARN,BAD,OK,WARN,BAD
2025-04-16 06:03:05,2025-04-16 06:17:05,OK,OK,OK,OK,BAD,BAD,BAD,WARN,BAD,OK,WARN,BAD
2025-04-16 06:19:48,2025-04-16 06:33:48,OK,OK,OK,OK,BAD,BAD,OK,OK,BAD,OK,WARN,BAD
2025-04-16 06:35:58,2025-04-16 06:49:58,OK,OK,OK,OK,BAD,BAD,OK,OK,BAD,OK,WARN,BAD
2025-04-16 06:52:11,2025-04-16 07:06:11,OK,OK,OK,OK,BAD,BAD,OK,OK,OK,OK,OK,OK
2025-04-16 07:08:14,2025-04-16 07:22:14,OK,OK,OK,OK,BAD,BAD,OK,OK,OK,OK,OK,OK
2025-04-16 07:24:11,2025-04-16 07:38:11,OK,OK,OK,OK,BAD,BAD,OK,OK,OK,OK,OK,OK
2025-04-16 07:40:03,2025-04-16 07:54:03,OK,OK,OK,OK,BAD,BAD,OK,OK,OK,OK,OK,OK
2025-04-16 07:55:56,2025-04-16 08:09:56,OK,OK,OK,OK,BAD,BAD,OK,OK,OK,OK,OK,OK
2025-04-16 08:11:49,2025-04-16 08:25:49,OK,OK,OK,OK,BAD,BAD,OK,OK,OK,OK,OK,OK
2025-04-16 08:27:43,2025-04-16 08:41:43,OK,OK,OK,OK,BAD,BAD,OK,OK,OK,OK,OK,OK
2025-04-16 08:43:48,2025-04-16 08:57:48,OK,OK,OK,OK,BAD,BAD,OK,OK,OK,OK,OK,OK
2025-04-16 08:59:39,2025-04-16 09:13:39,OK,OK,OK,OK,BAD,BAD,OK,OK,OK,OK,OK,OK
2025-04-16 09:15:29,2025-04-16 09:29:29,OK,OK,OK,OK,BAD,BAD,OK,OK,OK,OK,OK,OK
2025-04-16 09:31:25,2025-04-16 09:45:25,OK,OK,OK,OK,BAD,BAD,OK,OK,OK,OK,OK,OK
2025-04-16 09:47:26,2025-04-16 10:01:26,OK,OK,OK,OK,BAD,BAD,OK,OK,OK,OK,OK,OK
2025-04-16 10:03:24,2025-04-16 10:17:24,OK,OK,OK,OK,BAD,BAD,OK,OK,OK,OK,OK,OK
2025-04-16 10:19:27,2025-04-16 10:33:27,OK,OK,OK,OK,BAD,BAD,OK,OK,OK,OK,OK,OK
2025-04-16 10:35:22,2025-04-16 10:49:22,OK,OK,OK,OK,BAD,BAD,OK,OK,OK,OK,OK,OK
2025-04-16 10:51:13,2025-04-16 11:05:13,OK,OK,OK,OK,BAD,BAD,OK,OK,OK,OK,OK,OK
2025-04-16 11:07:06,2025-04-16 11:21:06,OK,OK,OK,OK,BAD,BAD,OK,OK,OK,OK,OK,OK
2025-04-16 11:22:45,2025-04-16 11:36:45,OK,OK,OK,OK,BAD,BAD,OK,OK,OK,OK,OK,OK
2025-04-16 11:38:27,2025-04-16 11:52:27,OK,OK,OK,OK,BAD,BAD,OK,OK,OK,OK,OK,OK
2025-04-16 11:54:07,2025-04-16 12:08:07,OK,OK,OK,OK,BAD,BAD,OK,OK,OK,OK,OK,OK
2025-04-16 12:09:44,2025-04-16 12:23:44,OK,OK,OK,OK,BAD,BAD,OK,OK,OK,OK,OK,OK
2025-04-16 12:25:30,2025-04-16 12:39:30,OK,OK,OK,OK,BAD,BAD,OK,OK,OK,OK,OK,OK
2025-04-16 12:41:13,2025-04-16 12:55:13,OK,OK,OK,OK,BAD,BAD,OK,OK,OK,OK,OK,OK
2025-04-16 12:57:01,2025-04-16 13:11:01,OK,OK,OK,OK,BAD,BAD,OK,OK,OK,OK,OK,OK
2025-04-16 13:12:38,2025-04-16 13:26:38,OK,OK,OK,OK,BAD,BAD,OK,OK,OK,BAD,OK,WARN
2025-04-16 13:28:12,2025-04-16 13:42:12,OK,OK,OK,OK,BAD,BAD,OK,OK,OK,OK,OK,OK
2025-04-16 13:43:47,2025-04-16 13:57:47,OK,OK,OK,OK,BAD,BAD,OK,OK,OK,OK,OK,OK
2025-04-16 13:59:24,2025-04-16 14:13:24,OK,OK,OK,OK,BAD,BAD,OK,OK,OK,OK,OK,OK
2025-04-16 14:15:02,2025-04-16 14:29:02,OK,OK,OK,OK,BAD,BAD,OK,OK,OK,OK,OK,OK
2025-04-16 14:30:44,2025-04-16 14:44:44,OK,OK,OK,OK,BAD,BAD,OK,OK,OK,OK,OK,OK
2025-04-16 14:46:27,2025-04-16 15:00:27,OK,OK,OK,OK,BAD,BAD,OK,OK,BAD,OK,WARN,BAD
2025-04-16 15:02:24,2025-04-16 15:16:24,OK,OK,OK,OK,BAD,BAD,OK,OK,BAD,OK,WARN,BAD
2025-04-16 15:18:21,2025-04-16 15:32:21,OK,OK,OK,OK,BAD,BAD,OK,OK,BAD,OK,WARN,BAD
2025-04-16 15:34:17,2025-04-16 15:48:17,OK,OK,OK,OK,BAD,BAD,OK,OK,OK,OK,OK,OK
2025-04-16 15:49:53,2025-04-16 16:03:53,OK,OK,OK,OK,BAD,BAD,OK,OK,OK,OK,OK,OK
2025-04-16 16:05:32,2025-04-16 16:19:32,OK,OK,OK,OK,BAD,BAD,OK,OK,OK,OK,OK,OK
2025-04-16 16:21:10,2025-04-16 16:35:10,OK,OK,OK,OK,BAD,BAD,OK,OK,OK,OK,OK,OK
2025-04-16 16:36:47,2025-04-16 16:50:47,OK,OK,OK,OK,BAD,BAD,OK,OK,OK,OK,OK,OK
2025-04-16 16:52:24,2025-04-16 17:06:24,OK,OK,OK,OK,BAD,BAD,OK,OK,OK,OK,OK,OK
2025-04-16 17:08:00,2025-04-16 17:22:00,OK,OK,OK,OK,BAD,BAD,OK,OK,OK,OK,OK,OK
2025-04-16 17:23:36,2025-04-16 17:37:36,OK,OK,OK,OK,BAD,BAD,OK,OK,OK,OK,OK,OK
2025-04-16 17:39:15,2025-04-16 17:53:15,OK,OK,OK,OK,BAD,BAD,OK,OK,OK,OK,OK,OK
2025-04-16 17:54:50,2025-04-16 18:08:50,OK,OK,OK,OK,BAD,BAD,OK,OK,OK,OK,OK,OK
2025-04-16 18:10:26,2025-04-16 18:24:26,OK,OK,OK,OK,BAD,BAD,OK,OK,OK,OK,OK,OK
2025-04-16 18:26:02,2025-04-16 18:40:02,OK,OK,OK,OK,BAD,BAD,OK,OK,OK,OK,OK,OK
2025-04-16 18:41:37,2025-04-16 18:55:37,OK,OK,OK,OK,BAD,BAD,OK,OK,OK,OK,OK,OK
2025-04-16 18:57:12,2025-04-16 19:11:12,OK,OK,OK,OK,BAD,BAD,OK,OK,OK,OK,OK,OK
2025-04-16 19:12:48,2025-04-16 19:26:48,OK,OK,OK,OK,BAD,BAD,OK,OK,OK,OK,OK,OK
2025-04-16 19:28:28,2025-04-16 19:42:28,OK,OK,OK,OK,BAD,BAD,OK,OK,OK,OK,OK,OK
2025-04-16 19:44:09,2025-04-16 19:58:09,OK,BAD,OK,BAD,BAD,WARN,OK,OK,OK,OK,OK,OK
2025-04-16 19:59:46,2025-04-16 20:13:46,OK,BAD,OK,BAD,BAD,WARN,OK,OK,OK,OK,OK,OK
2025-04-16 20:15:27,2025-04-16 20:29:27,OK,BAD,OK,BAD,BAD,WARN,OK,OK,OK,OK,OK,OK
2025-04-16 20:31:10,2025-04-16 20:45:10,OK,BAD,OK,BAD,BAD,WARN,OK,OK,OK,OK,OK,OK
2025-04-16 20:46:58,2025-04-16 21:00:58,OK,BAD,OK,BAD,BAD,WARN,OK,OK,OK,OK,OK,OK
2025-04-16 21:02:47,2025-04-16 21:16:47,OK,BAD,OK,BAD,BAD,WARN,OK,OK,OK,OK,OK,OK
2025-04-16 21:18:46,2025-04-16 21:32:46,OK,BAD,OK,BAD,BAD,WARN,OK,OK,OK,OK,OK,OK
2025-04-16 21:34:30,2025-04-16 21:48:30,OK,BAD,OK,BAD,BAD,WARN,OK,OK,OK,OK,OK,OK
2025-04-16 21:50:32,2025-04-16 22:04:32,OK,BAD,BAD,BAD,WARN,WARN,OK,OK,OK,OK,OK,OK
2025-04-16 22:06:49,2025-04-16 22:20:49,OK,BAD,OK,BAD,BAD,WARN,OK,OK,OK,OK,OK,OK
2025-04-16 22:22:45,2025-04-16 22:36:45,OK,BAD,OK,BAD,BAD,WARN,OK,OK,OK,OK,OK,OK
2025-04-16 22:38:29,2025-04-16 22:52:29,OK,BAD,OK,BAD,BAD,WARN,OK,OK,OK,OK,OK,OK
2025-04-16 22:54:15,2025-04-16 23:08:15,OK,BAD,OK,BAD,BAD,WARN,OK,OK,OK,OK,OK,OK
2025-04-16 23:10:21,2025-04-16 23:24:21,OK,BAD,OK,BAD,BAD,WARN,OK,OK,OK,OK,OK,OK
2025-04-16 23:26:45,2025-04-16 23:40:45,OK,BAD,OK,BAD,BAD,WARN,OK,OK,OK,OK,OK,OK
2025-04-16 23:42:59,2025-04-16 23:56:59,OK,BAD,OK,BAD,BAD,WARN,OK,OK,OK,OK,OK,OK
2025-04-16 23:58:56,2025-04-17 00:12:56,OK,BAD,OK,BAD,BAD,WARN,OK,OK,OK,OK,OK,OK
2025-04-17 00:14:55,2025-04-17 00:28:55,OK,BAD,OK,BAD,BAD,WARN,OK,OK,OK,OK,OK,OK
2025-04-17 00:31:17,2025-04-17 00:45:17,OK,BAD,OK,BAD,BAD,WARN,OK,OK,OK,OK,OK,OK
2025-04-17 00:47:38,2025-04-17 01:01:38,OK,BAD,OK,BAD,BAD,WARN,OK,OK,OK,OK,OK,OK
2025-04-17 01:04:03,2025-04-17 01:18:03,BAD,WARN,OK,BAD,BAD,WARN,BAD,WARN,OK,BAD,OK,WARN
2025-04-17 01:20:25,2025-04-17 01:34:25,BAD,WARN,OK,BAD,BAD,WARN,BAD,WARN,OK,BAD,OK,WARN
2025-04-17 01:37:03,2025-04-17 01:51:03,BAD,WARN,OK,BAD,BAD,WARN,BAD,WARN,OK,BAD,OK,WARN
2025-04-17 01:53:28,2025-04-17 02:07:28,BAD,WARN,OK,BAD,BAD,WARN,BAD,WARN,OK,BAD,OK,WARN
2025-04-17 02:10:03,2025-04-17 02:24:03,BAD,WARN,OK,BAD,BAD,WARN,BAD,WARN,OK,BAD,OK,WARN
2025-04-17 02:26:42,2025-04-17 02:40:42,BAD,WARN,OK,BAD,BAD,WARN,BAD,WARN,OK,BAD,OK,WARN
2025-04-17 02:43:08,2025-04-17 02:57:08,BAD,WARN,OK,BAD,BAD,WARN,BAD,WARN,OK,BAD,OK,WARN
2025-04-17 02:59:32,2025-04-17 03:13:32,BAD,WARN,OK,BAD,BAD,WARN,BAD,WARN,OK,BAD,OK,WARN
2025-04-17 03:16:02,2025-04-17 03:30:02,BAD,WARN,OK,BAD,BAD,WARN,BAD,WARN,OK,BAD,OK,WARN
2025-04-17 03:32:25,2025-04-17 03:46:25,BAD,WARN,OK,BAD,BAD,WARN,BAD,WARN,OK,BAD,OK,WARN
2025-04-17 03:48:51,2025-04-17 04:02:51,BAD,WARN,OK,BAD,BAD,WARN,BAD,WARN,OK,BAD,OK,WARN
2025-04-17 04:05:13,2025-04-17 04:19:13,BAD,WARN,OK,BAD,BAD,WARN,BAD,WARN,OK,BAD,OK,WARN
2025-04-17 04:21:40,2025-04-17 04:35:40,BAD,WARN,OK,BAD,BAD,WARN,BAD,WARN,OK,BAD,OK,WARN
2025-04-17 04:38:03,2025-04-17 04:52:03,BAD,WARN,OK,BAD,BAD,WARN,BAD,WARN,OK,BAD,OK,WARN
2025-04-17 04:54:29,2025-04-17 05:08:29,BAD,WARN,OK,BAD,BAD,WARN,BAD,WARN,OK,BAD,OK,WARN
2025-04-17 05:10:40,2025-04-17 05:24:40,BAD,WARN,OK,BAD,BAD,WARN,BAD,WARN,BAD,OK,WARN,BAD
2025-04-17 05:26:49,2025-04-17 05:40:49,BAD,WARN,OK,BAD,BAD,WARN,BAD,WARN,BAD,OK,WARN,BAD
2025-04-17 05:43:57,2025-04-17 05:57:57,BAD,WARN,OK,BAD,BAD,WARN,BAD,WARN,BAD,OK,WARN,BAD
2025-04-17 06:00:55,2025-04-17 06:14:55,OK,OK,OK,OK,BAD,BAD,BAD,WARN,OK,BAD,OK,WARN
2025-04-17 06:17:35,2025-04-17 06:31:35,OK,OK,OK,OK,BAD,BAD,OK,OK,OK,OK,OK,OK
2025-04-17 06:33:59,2025-04-17 06:47:59,OK,OK,OK,OK,BAD,BAD,OK,OK,OK,OK,OK,OK
2025-04-17 06:50:16,2025-04-17 07:04:16,OK,OK,OK,OK,BAD,BAD,OK,OK,OK,OK,OK,OK
2025-04-17 07:06:26,2025-04-17 07:20:26,OK,OK,OK,OK,BAD,BAD,OK,OK,OK,OK,OK,OK
2025-04-17 07:22:36,2025-04-17 07:36:36,OK,OK,OK,OK,BAD,BAD,OK,OK,OK,OK,OK,OK
2025-04-17 07:38:50,2025-04-17 07:52:50,OK,OK,OK,OK,BAD,BAD,OK,OK,OK,OK,OK,OK
2025-04-17 07:54:55,2025-04-17 08:08:55,OK,OK,OK,OK,BAD,BAD,OK,OK,OK,OK,OK,OK
2025-04-17 08:10:58,2025-04-17 08:24:58,OK,OK,OK,OK,BAD,BAD,OK,OK,OK,OK,OK,OK
2025-04-17 08:26:53,2025-04-17 08:40:53,OK,OK,OK,OK,BAD,BAD,OK,OK,OK,OK,OK,OK
2025-04-17 08:42:46,2025-04-17 08:56:46,OK,OK,OK,OK,BAD,BAD,OK,OK,OK,OK,OK,OK
2025-04-17 08:58:36,2025-04-17 09:12:36,OK,OK,OK,OK,BAD,BAD,OK,OK,OK,OK,OK,OK
2025-04-17 09:14:27,2025-04-17 09:28:27,OK,OK,OK,OK,BAD,BAD,OK,OK,OK,OK,OK,OK
2025-04-17 09:30:27,2025-04-17 09:44:27,OK,OK,OK,OK,BAD,BAD,OK,OK,OK,OK,OK,OK
2025-04-17 09:46:23,2025-04-17 10:00:23,OK,OK,OK,OK,BAD,BAD,OK,OK,OK,OK,OK,OK
2025-04-17 10:02:38,2025-04-17 10:16:38,OK,OK,OK,OK,BAD,BAD,OK,OK,OK,OK,OK,OK
2025-04-17 10:18:42,2025-04-17 10:32:42,OK,OK,OK,OK,BAD,BAD,OK,OK,OK,OK,OK,OK
2025-04-17 10:34:35,2025-04-17 10:48:35,OK,OK,OK,OK,BAD,BAD,OK,OK,OK,OK,OK,OK
2025-04-17 10:50:35,2025-04-17 11:04:35,OK,OK,OK,OK,BAD,BAD,OK,OK,OK,OK,OK,OK
2025-04-17 11:06:28,2025-04-17 11:20:28,OK,OK,OK,OK,BAD,BAD,OK,OK,OK,OK,OK,OK
2025-04-17 11:22:32,2025-04-17 11:36:32,OK,OK,OK,OK,BAD,BAD,OK,OK,OK,OK,OK,OK
2025-04-17 11:38:24,2025-04-17 11:52:24,OK,OK,OK,OK,BAD,BAD,OK,OK,OK,OK,OK,OK
2025-04-17 11:54:22,2025-04-17 12:08:22,OK,OK,OK,OK,BAD,BAD,OK,OK,OK,OK,OK,OK
2025-04-17 12:10:11,2025-04-17 12:24:11,OK,OK,OK,OK,BAD,BAD,OK,OK,OK,OK,OK,OK
2025-04-17 12:26:05,2025-04-17 12:40:05,OK,OK,OK,OK,BAD,BAD,OK,OK,OK,OK,OK,OK
2025-04-17 12:42:03,2025-04-17 12:56:03,OK,OK,OK,OK,BAD,BAD,OK,OK,OK,OK,OK,OK
2025-04-17 12:58:00,2025-04-17 13:12:00,OK,OK,OK,OK,BAD,BAD,OK,OK,OK,OK,OK,OK
2025-04-17 13:13:57,2025-04-17 13:27:57,OK,OK,OK,OK,BAD,BAD,OK,OK,OK,OK,OK,OK
2025-04-17 13:29:52,2025-04-17 13:43:52,OK,OK,OK,OK,BAD,BAD,OK,OK,OK,OK,OK,OK
2025-04-17 13:45:44,2025-04-17 13:59:44,OK,OK,OK,OK,BAD,BAD,OK,OK,OK,OK,OK,OK
2025-04-17 14:01:37,2025-04-17 14:15:37,OK,OK,OK,OK,BAD,BAD,OK,OK,OK,OK,OK,OK
2025-04-17 14:17:39,2025-04-17 14:31:39,OK,OK,OK,OK,BAD,BAD,OK,OK,OK,OK,OK,OK
2025-04-17 14:33:33,2025-04-17 14:47:33,OK,OK,OK,OK,BAD,BAD,OK,OK,OK,OK,OK,OK
2025-04-17 14:49:27,2025-04-17 15:03:27,OK,OK,OK,OK,BAD,BAD,OK,OK,BAD,OK,WARN,BAD
2025-04-17 15:05:42,2025-04-17 15:19:42,OK,OK,OK,OK,BAD,BAD,OK,OK,BAD,OK,WARN,BAD
2025-04-17 15:21:52,2025-04-17 15:35:52,OK,OK,OK,OK,BAD,BAD,OK,OK,OK,OK,OK,OK
2025-04-17 15:38:13,2025-04-17 15:52:13,OK,OK,OK,OK,BAD,BAD,OK,OK,OK,OK,OK,OK
2025-04-17 15:54:09,2025-04-17 16:08:09,OK,OK,OK,OK,BAD,BAD,OK,OK,OK,OK,OK,OK
2025-04-17 16:09:55,2025-04-17 16:23:55,OK,OK,OK,OK,BAD,BAD,OK,OK,OK,OK,OK,OK
2025-04-17 16:25:56,2025-04-17 16:39:56,OK,OK,OK,OK,BAD,BAD,OK,OK,OK,OK,OK,OK
2025-04-17 16:41:57,2025-04-17 16:55:57,OK,OK,OK,OK,BAD,BAD,OK,OK,OK,BAD,OK,WARN
2025-04-17 16:57:45,2025-04-17 17:11:45,OK,OK,OK,OK,BAD,BAD,OK,OK,OK,OK,OK,OK
2025-04-17 17:13:42,2025-04-17 17:27:42,OK,OK,OK,OK,BAD,BAD,OK,OK,OK,OK,OK,OK
2025-04-17 17:29:35,2025-04-17 17:43:35,OK,OK,OK,OK,BAD,BAD,OK,OK,OK,OK,OK,OK
2025-04-17 17:45:34,2025-04-17 17:59:34,OK,OK,OK,OK,BAD,BAD,OK,OK,OK,OK,OK,OK
2025-04-17 18:01:32,2025-04-17 18:15:32,OK,OK,OK,OK,BAD,BAD,OK,OK,OK,OK,OK,OK
2025-04-17 18:17:32,2025-04-17 18:31:32,OK,OK,OK,OK,BAD,BAD,OK,OK,OK,OK,OK,OK
2025-04-17 18:33:33,2025-04-17 18:47:33,OK,OK,OK,OK,BAD,BAD,OK,OK,OK,OK,OK,OK
2025-04-17 18:49:29,2025-04-17 19:03:29,OK,OK,OK,OK,BAD,BAD,OK,OK,OK,OK,OK,OK
2025-04-17 19:05:30,2025-04-17 19:19:30,OK,OK,OK,OK,BAD,BAD,OK,OK,OK,OK,OK,OK
2025-04-17 19:21:27,2025-04-17 19:35:27,OK,OK,OK,OK,BAD,BAD,OK,OK,OK,OK,OK,OK
2025-04-17 19:37:29,2025-04-17 19:51:29,OK,BAD,OK,BAD,BAD,WARN,OK,OK,OK,OK,OK,OK
2025-04-17 19:53:27,2025-04-17 20:07:27,OK,BAD,OK,BAD,BAD,WARN,OK,OK,OK,OK,OK,OK
2025-04-17 20:09:23,2025-04-17 20:23:23,OK,BAD,OK,BAD,BAD,WARN,OK,OK,OK,OK,OK,OK
2025-04-17 20:25:39,2025-04-17 20:39:39,OK,BAD,OK,BAD,BAD,WARN,OK,OK,OK,OK,OK,OK
2025-04-17 20:41:46,2025-04-17 20:55:46,OK,BAD,OK,BAD,BAD,WARN,OK,OK,OK,OK,OK,OK
2025-04-17 20:58:03,2025-04-17 21:12:03,OK,BAD,OK,BAD,BAD,WARN,OK,OK,OK,OK,OK,OK
2025-04-17 21:14:15,2025-04-17 21:28:15,OK,BAD,OK,BAD,BAD,WARN,OK,OK,OK,OK,OK,OK
2025-04-17 21:30:40,2025-04-17 21:44:40,OK,BAD,OK,BAD,BAD,WARN,OK,OK,OK,OK,OK,OK
2025-04-17 21:46:45,2025-04-17 22:00:45,OK,BAD,OK,BAD,BAD,WARN,OK,OK,OK,OK,OK,OK
2025-04-17 22:02:59,2025-04-17 22:16:59,OK,BAD,OK,BAD,BAD,WARN,OK,OK,OK,OK,OK,OK
2025-04-17 22:19:09,2025-04-17 22:33:09,OK,BAD,OK,BAD,BAD,WARN,OK,OK,OK,OK,OK,OK
2025-04-17 22:35:17,2025-04-17 22:49:17,OK,BAD,OK,BAD,BAD,WARN,OK,OK,OK,OK,OK,OK
2025-04-17 22:51:27,2025-04-17 23:05:27,OK,BAD,OK,BAD,BAD,WARN,OK,OK,OK,OK,OK,OK
2025-04-17 23:07:37,2025-04-17 23:21:37,OK,BAD,OK,BAD,BAD,WARN,OK,OK,OK,OK,OK,OK
2025-04-17 23:24:23,2025-04-17 23:38:23,OK,BAD,OK,BAD,BAD,WARN,OK,OK,OK,OK,OK,OK
2025-04-17 23:40:19,2025-04-17 23:54:19,OK,BAD,OK,BAD,BAD,WARN,OK,OK,OK,OK,OK,OK
2025-04-17 23:56:23,2025-04-18 00:10:23,OK,BAD,OK,BAD,BAD,WARN,OK,OK,OK,OK,OK,OK
2025-04-18 00:12:25,2025-04-18 00:26:25,OK,BAD,OK,BAD,BAD,WARN,OK,OK,OK,OK,OK,OK
2025-04-18 00:28:52,2025-04-18 00:42:52,OK,BAD,OK,BAD,BAD,WARN,OK,OK,OK,OK,OK,OK
2025-04-18 00:45:03,2025-04-18 00:59:03,OK,BAD,OK,BAD,BAD,WARN,OK,OK,OK,OK,OK,OK
2025-04-18 01:01:11,2025-04-18 01:15:11,BAD,WARN,OK,BAD,BAD,WARN,BAD,WARN,OK,BAD,OK,WARN
2025-04-18 01:17:33,2025-04-18 01:31:33,BAD,WARN,OK,BAD,BAD,WARN,BAD,WARN,OK,BAD,OK,WARN
2025-04-18 01:34:07,2025-04-18 01:48:07,BAD,WARN,OK,BAD,BAD,WARN,BAD,WARN,OK,BAD,OK,WARN
2025-04-18 01:50:38,2025-04-18 02:04:38,BAD,WARN,OK,BAD,BAD,WARN,BAD,WARN,OK,BAD,OK,WARN
2025-04-18 02:07:12,2025-04-18 02:21:12,BAD,WARN,OK,BAD,BAD,WARN,BAD,WARN,OK,BAD,OK,WARN
2025-04-18 02:23:46,2025-04-18 02:37:46,BAD,WARN,OK,BAD,BAD,WARN,BAD,WARN,OK,BAD,OK,WARN
2025-04-18 02:40:22,2025-04-18 02:54:22,BAD,WARN,OK,BAD,BAD,WARN,BAD,WARN,OK,BAD,OK,WARN
2025-04-18 02:56:55,2025-04-18 03:10:55,BAD,WARN,OK,BAD,BAD,WARN,BAD,WARN,OK,BAD,OK,WARN
2025-04-18 03:13:31,2025-04-18 03:27:31,BAD,WARN,OK,BAD,BAD,WARN,BAD,WARN,OK,BAD,OK,WARN
2025-04-18 03:30:08,2025-04-18 03:44:08,BAD,WARN,OK,BAD,BAD,WARN,BAD,WARN,OK,BAD,OK,WARN
2025-04-18 03:46:46,2025-04-18 04:00:46,BAD,WARN,OK,BAD,BAD,WARN,BAD,WARN,OK,BAD,OK,WARN
2025-04-18 04:03:17,2025-04-18 04:17:17,BAD,WARN,OK,BAD,BAD,WARN,BAD,WARN,OK,BAD,OK,WARN
2025-04-18 04:19:54,2025-04-18 04:33:54,BAD,WARN,OK,BAD,BAD,WARN,BAD,WARN,OK,BAD,OK,WARN
2025-04-18 04:36:28,2025-04-18 04:50:28,BAD,WARN,OK,BAD,BAD,WARN,BAD,WARN,OK,BAD,OK,WARN
2025-04-18 04:52:57,2025-04-18 05:06:57,BAD,WARN,OK,BAD,BAD,WARN,BAD,WARN,OK,BAD,OK,WARN
2025-04-18 05:09:31,2025-04-18 05:23:31,BAD,WARN,OK,BAD,BAD,WARN,BAD,WARN,BAD,OK,WARN,BAD
2025-04-18 05:25:50,2025-04-18 05:39:50,BAD,WARN,OK,BAD,BAD,WARN,BAD,WARN,BAD,OK,WARN,BAD
2025-04-18 05:42:58,2025-04-18 05:56:58,BAD,WARN,OK,BAD,BAD,WARN,BAD,WARN,BAD,OK,WARN,BAD
2025-04-18 05:59:59,2025-04-18 06:13:59,OK,OK,OK,OK,BAD,BAD,BAD,WARN,OK,BAD,OK,WARN
2025-04-18 06:16:37,2025-04-18 06:30:37,OK,OK,OK,OK,BAD,BAD,OK,OK,OK,OK,OK,OK
2025-04-18 06:33:16,2025-04-18 06:47:16,OK,OK,OK,OK,BAD,BAD,OK,OK,OK,OK,OK,OK
2025-04-18 06:49:32,2025-04-18 07:03:32,OK,OK,OK,OK,BAD,BAD,OK,OK,OK,OK,OK,OK
2025-04-18 07:05:57,2025-04-18 07:19:57,OK,OK,OK,OK,BAD,BAD,OK,OK,OK,OK,OK,OK
2025-04-18 07:22:05,2025-04-18 07:36:05,OK,OK,OK,OK,BAD,BAD,OK,OK,OK,OK,OK,OK
2025-04-18 07:38:16,2025-04-18 07:52:16,OK,OK,OK,OK,BAD,BAD,OK,OK,OK,OK,OK,OK
2025-04-18 07:54:26,2025-04-18 08:08:26,OK,OK,OK,OK,BAD,BAD,OK,OK,OK,OK,OK,OK
2025-04-18 08:10:23,2025-04-18 08:24:23,OK,OK,OK,OK,BAD,BAD,OK,OK,OK,OK,OK,OK
2025-04-18 08:26:26,2025-04-18 08:40:26,OK,OK,OK,OK,BAD,BAD,OK,OK,OK,OK,OK,OK
2025-04-18 08:42:24,2025-04-18 08:56:24,OK,OK,OK,OK,BAD,BAD,OK,OK,OK,OK,OK,OK
2025-04-18 08:58:17,2025-04-18 09:12:17,OK,OK,OK,OK,BAD,BAD,OK,OK,OK,OK,OK,OK
2025-04-18 09:14:13,2025-04-18 09:28:13,OK,OK,OK,OK,BAD,BAD,OK,OK,OK,OK,OK,OK
2025-04-18 09:30:11,2025-04-18 09:44:11,OK,OK,OK,OK,BAD,BAD,OK,OK,OK,OK,OK,OK
2025-04-18 09:46:18,2025-04-18 10:00:18,OK,OK,OK,OK,BAD,BAD,OK,OK,OK,OK,OK,OK
2025-04-18 10:02:16,2025-04-18 10:16:16,OK,OK,OK,OK,BAD,BAD,OK,OK,OK,OK,OK,OK
2025-04-18 10:18:13,2025-04-18 10:32:13,OK,OK,OK,OK,BAD,BAD,OK,OK,OK,OK,OK,OK
2025-04-18 10:34:13,2025-04-18 10:48:13,OK,OK,OK,OK,BAD,BAD,OK,OK,OK,OK,OK,OK
2025-04-18 10:50:10,2025-04-18 11:04:10,OK,OK,OK,OK,BAD,BAD,OK,OK,OK,OK,OK,OK
2025-04-18 11:06:08,2025-04-18 11:20:08,OK,OK,OK,OK,BAD,BAD,OK,OK,OK,OK,OK,OK
2025-04-18 11:22:08,2025-04-18 11:36:08,OK,OK,OK,OK,BAD,BAD,OK,OK,OK,OK,OK,OK
2025-04-18 11:38:07,2025-04-18 11:52:07,OK,OK,OK,OK,BAD,BAD,OK,OK,OK,OK,OK,OK
2025-04-18 11:53:58,2025-04-18 12:07:58,OK,OK,OK,OK,BAD,BAD,OK,OK,OK,OK,OK,OK
2025-04-18 12:09:50,2025-04-18 12:23:50,OK,OK,OK,OK,BAD,BAD,OK,OK,OK,OK,OK,OK
2025-04-18 12:25:49,2025-04-18 12:39:49,OK,OK,OK,OK,BAD,BAD,OK,OK,OK,OK,OK,OK
2025-04-18 12:41:47,2025-04-18 12:55:47,OK,OK,OK,OK,BAD,BAD,OK,OK,OK,OK,OK,OK
2025-04-18 12:57:36,2025-04-18 13:11:36,OK,OK,OK,OK,BAD,BAD,OK,OK,OK,OK,OK,OK
2025-04-18 13:13:26,2025-04-18 13:27:26,OK,OK,OK,OK,BAD,BAD,OK,OK,OK,OK,OK,OK
2025-04-18 13:29:33,2025-04-18 13:43:33,OK,OK,OK,OK,BAD,BAD,OK,OK,OK,OK,OK,OK
2025-04-18 13:45:29,2025-04-18 13:59:29,OK,OK,OK,OK,BAD,BAD,OK,OK,OK,OK,OK,OK
2025-04-18 14:01:18,2025-04-18 14:15:18,OK,OK,OK,OK,BAD,BAD,OK,OK,OK,OK,OK,OK
2025-04-18 14:17:09,2025-04-18 14:31:09,OK,OK,OK,OK,BAD,BAD,OK,OK,OK,OK,OK,OK
2025-04-18 14:32:59,2025-04-18 14:46:59,OK,OK,OK,OK,BAD,BAD,OK,OK,OK,OK,OK,OK
2025-04-18 14:48:50,2025-04-18 15:02:50,OK,OK,OK,OK,BAD,BAD,OK,OK,BAD,OK,WARN,BAD
2025-04-18 15:05:04,2025-04-18 15:19:04,OK,OK,OK,OK,BAD,BAD,OK,OK,BAD,OK,WARN,BAD
2025-04-18 15:21:16,2025-04-18 15:35:16,OK,OK,OK,OK,BAD,BAD,OK,OK,OK,OK,OK,OK
2025-04-18 15:37:29,2025-04-18 15:51:29,OK,OK,OK,OK,BAD,BAD,OK,OK,OK,OK,OK,OK
2025-04-18 15:53:23,2025-04-18 16:07:23,OK,OK,OK,OK,BAD,BAD,OK,OK,OK,OK,OK,OK
2025-04-18 16:09:17,2025-04-18 16:23:17,OK,OK,OK,OK,BAD,BAD,OK,OK,OK,OK,OK,OK
2025-04-18 16:25:10,2025-04-18 16:39:10,OK,OK,OK,OK,BAD,BAD,OK,OK,OK,OK,OK,OK
2025-04-18 16:41:00,2025-04-18 16:55:00,OK,OK,OK,OK,BAD,BAD,OK,OK,OK,OK,OK,OK
2025-04-18 16:56:54,2025-04-18 17:10:54,OK,OK,OK,OK,BAD,BAD,OK,OK,OK,OK,OK,OK
2025-04-18 17:12:42,2025-04-18 17:26:42,OK,OK,OK,OK,BAD,BAD,OK,OK,OK,OK,OK,OK
2025-04-18 17:28:29,2025-04-18 17:42:29,OK,OK,OK,OK,BAD,BAD,OK,OK,OK,OK,OK,OK
2025-04-18 17:44:21,2025-04-18 17:58:21,OK,OK,OK,OK,BAD,BAD,OK,OK,OK,OK,OK,OK
2025-04-18 18:00:09,2025-04-18 18:14:09,OK,OK,OK,OK,BAD,BAD,OK,OK,OK,OK,OK,OK
2025-04-18 18:16:02,2025-04-18 18:30:02,OK,OK,OK,OK,BAD,BAD,OK,OK,OK,OK,OK,OK
2025-04-18 18:31:50,2025-04-18 18:45:50,OK,OK,OK,OK,BAD,BAD,OK,OK,OK,OK,OK,OK
2025-04-18 18:47:44,2025-04-18 19:01:44,OK,OK,OK,OK,BAD,BAD,OK,OK,OK,OK,OK,OK
2025-04-18 19:03:39,2025-04-18 19:17:39,OK,OK,OK,OK,BAD,BAD,OK,OK,OK,OK,OK,OK
2025-04-18 19:19:33,2025-04-18 19:33:33,OK,OK,OK,OK,BAD,BAD,OK,OK,OK,OK,OK,OK
2025-04-18 19:35:24,2025-04-18 19:49:24,OK,BAD,OK,BAD,BAD,WARN,OK,OK,OK,OK,OK,OK
2025-04-18 19:51:17,2025-04-18 20:05:17,OK,BAD,OK,BAD,BAD,WARN,OK,OK,OK,OK,OK,OK
2025-04-18 20:07:19,2025-04-18 20:21:19,OK,BAD,OK,BAD,BAD,WARN,OK,OK,OK,OK,OK,OK
2025-04-18 20:23:35,2025-04-18 20:37:35,OK,BAD,OK,BAD,BAD,WARN,OK,OK,OK,OK,OK,OK
2025-04-18 20:39:43,2025-04-18 20:53:43,OK,BAD,OK,BAD,BAD,WARN,OK,OK,OK,OK,OK,OK
2025-04-18 20:56:06,2025-04-18 21:10:06,OK,BAD,OK,BAD,BAD,WARN,OK,OK,OK,OK,OK,OK
2025-04-21 11:56:25,2025-04-21 12:10:25,OK,OK,OK,OK,BAD,BAD,OK,OK,OK,OK,OK,OK
2025-04-21 12:13:15,2025-04-21 12:27:15,OK,OK,OK,OK,BAD,BAD,OK,OK,OK,OK,OK,OK
2025-04-21 12:28:55,2025-04-21 12:42:55,OK,OK,OK,OK,BAD,BAD,OK,OK,OK,OK,OK,OK
2025-04-21 12:44:34,2025-04-21 12:58:34,OK,OK,OK,OK,BAD,BAD,OK,OK,OK,OK,OK,OK
2025-04-21 13:00:17,2025-04-21 13:14:17,OK,OK,OK,OK,BAD,BAD,OK,OK,OK,OK,OK,OK
2025-04-21 13:16:03,2025-04-21 13:30:03,OK,OK,OK,OK,BAD,BAD,OK,OK,OK,OK,OK,OK
2025-04-21 13:31:53,2025-04-21 13:45:53,OK,OK,OK,OK,BAD,BAD,OK,OK,OK,OK,OK,OK
2025-04-21 13:47:47,2025-04-21 14:01:47,OK,OK,OK,OK,BAD,BAD,OK,OK,OK,OK,OK,OK
2025-04-21 14:03:34,2025-04-21 14:17:34,OK,OK,OK,OK,BAD,BAD,OK,OK,OK,OK,OK,OK
2025-04-21 14:19:34,2025-04-21 14:33:34,OK,OK,OK,OK,BAD,BAD,OK,OK,OK,OK,OK,OK
2025-04-21 14:35:16,2025-04-21 14:49:16,OK,OK,OK,OK,BAD,BAD,OK,OK,OK,OK,OK,OK
2025-04-21 14:51:02,2025-04-21 15:05:02,OK,OK,OK,OK,BAD,BAD,OK,OK,BAD,OK,WARN,BAD
2025-04-21 15:07:01,2025-04-21 15:21:01,OK,OK,OK,OK,BAD,BAD,OK,OK,BAD,OK,WARN,BAD
2025-04-21 15:22:58,2025-04-21 15:36:58,OK,OK,OK,OK,BAD,BAD,OK,OK,BAD,OK,WARN,BAD
2025-04-21 15:38:55,2025-04-21 15:52:55,OK,OK,OK,OK,BAD,BAD,OK,OK,OK,OK,OK,OK
2025-04-21 15:54:43,2025-04-21 16:08:43,OK,OK,OK,OK,BAD,BAD,OK,OK,OK,OK,OK,OK
2025-04-21 16:10:46,2025-04-21 16:24:46,OK,OK,OK,OK,BAD,BAD,OK,OK,OK,OK,OK,OK
2025-04-21 16:26:25,2025-04-21 16:40:25,OK,OK,OK,OK,BAD,BAD,OK,OK,OK,OK,OK,OK
2025-04-21 16:42:10,2025-04-21 16:56:10,OK,OK,OK,OK,BAD,BAD,OK,OK,OK,OK,OK,OK
2025-04-21 16:58:01,2025-04-21 17:12:01,OK,OK,OK,OK,BAD,BAD,OK,OK,OK,OK,OK,OK
2025-04-21 17:13:46,2025-04-21 17:27:46,OK,OK,OK,OK,BAD,BAD,OK,OK,OK,OK,OK,OK
2025-04-21 17:29:29,2025-04-21 17:43:29,OK,OK,OK,OK,BAD,BAD,OK,OK,OK,OK,OK,OK
2025-04-21 17:45:11,2025-04-21 17:59:11,OK,OK,OK,OK,BAD,BAD,OK,OK,OK,OK,OK,OK
2025-04-21 18:00:53,2025-04-21 18:14:53,OK,OK,OK,OK,BAD,BAD,OK,OK,OK,OK,OK,OK
2025-04-21 18:16:47,2025-04-21 18:30:47,OK,OK,OK,OK,BAD,BAD,OK,OK,OK,OK,OK,OK
2025-04-21 18:32:32,2025-04-21 18:46:32,OK,OK,OK,OK,BAD,BAD,OK,OK,OK,OK,OK,OK
2025-04-21 18:48:14,2025-04-21 19:02:14,OK,OK,OK,OK,BAD,BAD,OK,OK,OK,OK,OK,OK
2025-04-21 19:04:00,2025-04-21 19:18:00,OK,OK,OK,OK,BAD,BAD,OK,OK,OK,OK,OK,OK
2025-04-21 19:19:36,2025-04-21 19:33:36,OK,OK,OK,OK,BAD,BAD,OK,OK,OK,OK,OK,OK
2025-04-21 19:35:19,2025-04-21 19:49:19,OK,BAD,OK,BAD,BAD,WARN,OK,OK,OK,OK,OK,OK
2025-04-21 19:51:00,2025-04-21 20:05:00,OK,BAD,OK,BAD,BAD,WARN,OK,OK,OK,OK,OK,OK
2025-04-21 20:06:48,2025-04-21 20:20:48,OK,BAD,OK,BAD,BAD,WARN,OK,OK,OK,OK,OK,OK
2025-04-21 20:23:09,2025-04-21 20:37:09,OK,BAD,OK,BAD,BAD,WARN,OK,OK,OK,OK,OK,OK
2025-04-21 20:39:12,2025-04-21 20:53:12,OK,BAD,OK,BAD,BAD,WARN,OK,OK,OK,OK,OK,OK
2025-04-21 20:55:55,2025-04-21 21:09:55,OK,BAD,OK,BAD,BAD,WARN,OK,OK,OK,OK,OK,OK
2025-04-21 21:12:20,2025-04-21 21:26:20,OK,BAD,OK,BAD,BAD,WARN,OK,OK,OK,OK,OK,OK
2025-04-21 21:29:50,2025-04-21 21:43:50,OK,BAD,OK,BAD,BAD,WARN,OK,OK,OK,OK,OK,OK
2025-04-21 21:46:10,2025-04-21 22:00:10,OK,BAD,OK,BAD,BAD,WARN,OK,OK,OK,OK,OK,OK
2025-04-21 22:02:43,2025-04-21 22:16:43,OK,BAD,OK,BAD,BAD,WARN,OK,OK,OK,OK,OK,OK
2025-04-21 22:19:22,2025-04-21 22:33:22,OK,BAD,OK,BAD,BAD,WARN,OK,OK,OK,OK,OK,OK
2025-04-21 22:35:33,2025-04-21 22:49:33,OK,BAD,OK,BAD,BAD,WARN,OK,OK,OK,OK,OK,OK
2025-04-21 22:52:00,2025-04-21 23:06:00,OK,BAD,OK,BAD,BAD,WARN,OK,OK,OK,OK,OK,OK
2025-04-21 23:08:27,2025-04-21 23:22:27,OK,BAD,OK,BAD,BAD,WARN,OK,OK,OK,OK,OK,OK
2025-04-21 23:25:08,2025-04-21 23:39:08,OK,BAD,OK,BAD,BAD,WARN,OK,OK,OK,OK,OK,OK
2025-04-21 23:41:47,2025-04-21 23:55:47,OK,BAD,OK,BAD,BAD,WARN,OK,OK,OK,OK,OK,OK
2025-04-21 23:58:06,2025-04-22 00:12:06,OK,BAD,OK,BAD,BAD,WARN,OK,OK,OK,OK,OK,OK
2025-04-22 00:14:29,2025-04-22 00:28:29,OK,BAD,OK,BAD,BAD,WARN,OK,OK,OK,OK,OK,OK
2025-04-22 00:31:36,2025-04-22 00:45:36,OK,BAD,OK,BAD,BAD,WARN,OK,OK,OK,OK,OK,OK
2025-04-22 00:47:57,2025-04-22 01:01:57,OK,BAD,OK,BAD,BAD,WARN,OK,OK,OK,OK,OK,OK
2025-04-22 01:04:15,2025-04-22 01:18:15,BAD,WARN,OK,BAD,BAD,WARN,BAD,WARN,OK,BAD,OK,WARN
2025-04-22 01:20:47,2025-04-22 01:34:47,BAD,WARN,OK,BAD,BAD,WARN,BAD,WARN,OK,BAD,OK,WARN
2025-04-22 01:37:15,2025-04-22 01:51:15,BAD,WARN,OK,BAD,BAD,WARN,BAD,WARN,OK,BAD,OK,WARN
2025-04-22 01:53:54,2025-04-22 02:07:54,BAD,WARN,OK,BAD,BAD,WARN,BAD,WARN,OK,BAD,OK,WARN
2025-04-22 02:10:25,2025-04-22 02:24:25,BAD,WARN,OK,BAD,BAD,WARN,BAD,WARN,OK,BAD,OK,WARN
2025-04-22 02:27:05,2025-04-22 02:41:05,BAD,WARN,OK,BAD,BAD,WARN,BAD,WARN,OK,BAD,OK,WARN
2025-04-22 02:43:39,2025-04-22 02:57:39,BAD,WARN,OK,BAD,BAD,WARN,BAD,WARN,OK,BAD,OK,WARN
2025-04-22 03:00:24,2025-04-22 03:14:24,BAD,WARN,OK,BAD,BAD,WARN,BAD,WARN,OK,BAD,OK,WARN
2025-04-22 03:17:11,2025-04-22 03:31:11,BAD,WARN,OK,BAD,BAD,WARN,BAD,WARN,OK,BAD,OK,WARN
2025-04-22 03:33:54,2025-04-22 03:47:54,BAD,WARN,OK,BAD,BAD,WARN,BAD,WARN,OK,BAD,OK,WARN
2025-04-22 03:50:38,2025-04-22 04:04:38,BAD,WARN,OK,BAD,BAD,WARN,BAD,WARN,OK,BAD,OK,WARN
2025-04-22 04:07:21,2025-04-22 04:21:21,BAD,WARN,OK,BAD,BAD,WARN,BAD,WARN,OK,BAD,OK,WARN
2025-04-22 04:24:00,2025-04-22 04:38:00,BAD,WARN,OK,BAD,BAD,WARN,BAD,WARN,OK,BAD,OK,WARN
2025-04-22 04:40:43,2025-04-22 04:54:43,BAD,WARN,OK,BAD,BAD,WARN,BAD,WARN,OK,BAD,OK,WARN
2025-04-22 04:57:25,2025-04-22 05:11:25,BAD,WARN,OK,BAD,BAD,WARN,BAD,WARN,OK,BAD,OK,WARN
2025-04-22 05:14:09,2025-04-22 05:28:09,BAD,WARN,OK,BAD,BAD,WARN,BAD,WARN,BAD,OK,WARN,BAD
2025-04-22 05:30:20,2025-04-22 05:44:20,BAD,WARN,OK,BAD,BAD,WARN,BAD,WARN,BAD,OK,WARN,BAD
2025-04-22 05:47:03,2025-04-22 06:01:03,BAD,WARN,OK,BAD,BAD,WARN,BAD,WARN,BAD,OK,WARN,BAD
2025-04-22 06:03:41,2025-04-22 06:17:41,OK,OK,OK,OK,BAD,BAD,BAD,WARN,BAD,OK,WARN,BAD
2025-04-22 06:20:18,2025-04-22 06:34:18,OK,OK,OK,OK,BAD,BAD,OK,OK,BAD,OK,WARN,BAD
2025-04-22 06:36:45,2025-04-22 06:50:45,OK,OK,OK,OK,BAD,BAD,OK,OK,BAD,OK,WARN,BAD
2025-04-22 06:53:01,2025-04-22 07:07:01,OK,OK,OK,OK,BAD,BAD,OK,OK,BAD,OK,WARN,BAD
2025-04-22 07:09:15,2025-04-22 07:23:15,OK,OK,OK,OK,BAD,BAD,OK,OK,BAD,OK,WARN,BAD
2025-04-22 07:25:28,2025-04-22 07:39:28,OK,OK,OK,OK,BAD,BAD,OK,OK,BAD,OK,WARN,BAD
2025-04-22 07:41:41,2025-04-22 07:55:41,OK,OK,OK,OK,BAD,BAD,OK,OK,BAD,OK,WARN,BAD
2025-04-22 07:58:00,2025-04-22 08:12:00,OK,OK,OK,OK,BAD,BAD,OK,OK,OK,OK,OK,OK
2025-04-22 08:14:09,2025-04-22 08:28:09,OK,OK,OK,OK,BAD,BAD,OK,OK,OK,OK,OK,OK
2025-04-22 08:30:01,2025-04-22 08:44:01,OK,OK,OK,OK,BAD,BAD,OK,OK,OK,OK,OK,OK
2025-04-22 08:46:11,2025-04-22 09:00:11,OK,OK,OK,OK,BAD,BAD,OK,OK,OK,OK,OK,OK
2025-04-22 09:02:18,2025-04-22 09:16:18,OK,OK,OK,OK,BAD,BAD,OK,OK,OK,OK,OK,OK
2025-04-22 09:18:38,2025-04-22 09:32:38,OK,OK,OK,OK,BAD,BAD,OK,OK,OK,OK,OK,OK
2025-04-22 09:35:34,2025-04-22 09:49:34,OK,OK,OK,OK,BAD,BAD,OK,OK,OK,OK,OK,OK
2025-04-22 09:52:22,2025-04-22 10:06:22,OK,OK,OK,OK,BAD,BAD,OK,OK,OK,OK,OK,OK
2025-04-22 10:08:43,2025-04-22 10:22:43,OK,OK,OK,OK,BAD,BAD,OK,OK,OK,OK,OK,OK
2025-04-22 10:25:10,2025-04-22 10:39:10,OK,OK,OK,OK,BAD,BAD,OK,OK,OK,OK,OK,OK
2025-04-22 10:41:03,2025-04-22 10:55:03,OK,OK,OK,OK,BAD,BAD,OK,OK,OK,OK,OK,OK
2025-04-22 10:56:58,2025-04-22 11:10:58,OK,OK,OK,OK,BAD,BAD,OK,OK,OK,OK,OK,OK
2025-04-22 11:12:51,2025-04-22 11:26:51,OK,OK,OK,OK,BAD,BAD,OK,OK,OK,OK,OK,OK
2025-04-22 11:28:50,2025-04-22 11:42:50,OK,OK,OK,OK,BAD,BAD,OK,OK,OK,OK,OK,OK
2025-04-22 11:44:43,2025-04-22 11:58:43,OK,OK,OK,OK,BAD,BAD,OK,OK,OK,OK,OK,OK
2025-04-22 12:00:33,2025-04-22 12:14:33,OK,OK,OK,OK,BAD,BAD,OK,OK,OK,OK,OK,OK
2025-04-22 12:16:17,2025-04-22 12:30:17,OK,OK,OK,OK,BAD,BAD,OK,OK,OK,OK,OK,OK
2025-04-22 12:31:55,2025-04-22 12:45:55,OK,OK,OK,OK,BAD,BAD,OK,OK,OK,OK,OK,OK
2025-04-22 12:47:47,2025-04-22 13:01:47,OK,OK,OK,OK,BAD,BAD,OK,OK,OK,OK,OK,OK
2025-04-22 13:03:32,2025-04-22 13:17:32,OK,OK,OK,OK,BAD,BAD,OK,OK,OK,OK,OK,OK
2025-04-22 13:19:15,2025-04-22 13:33:15,OK,OK,OK,OK,BAD,BAD,OK,OK,OK,OK,OK,OK
2025-04-22 13:35:00,2025-04-22 13:49:00,OK,OK,OK,OK,BAD,BAD,OK,OK,OK,OK,OK,OK
2025-04-22 13:50:45,2025-04-22 14:04:45,OK,OK,OK,OK,BAD,BAD,OK,OK,OK,OK,OK,OK
2025-04-22 14:06:28,2025-04-22 14:20:28,OK,OK,OK,OK,BAD,BAD,OK,OK,OK,OK,OK,OK
2025-04-22 14:22:07,2025-04-22 14:36:07,OK,OK,OK,OK,BAD,BAD,OK,OK,OK,OK,OK,OK
2025-04-22 14:38:02,2025-04-22 14:52:02,OK,OK,OK,OK,BAD,BAD,OK,OK,OK,OK,OK,OK
2025-04-22 14:53:53,2025-04-22 15:07:53,OK,OK,OK,OK,BAD,BAD,OK,OK,BAD,OK,WARN,BAD
2025-04-22 15:09:50,2025-04-22 15:23:50,OK,OK,OK,OK,BAD,BAD,OK,OK,BAD,OK,WARN,BAD
2025-04-22 15:25:55,2025-04-22 15:39:55,OK,OK,OK,OK,BAD,BAD,OK,OK,OK,OK,OK,OK
2025-04-22 15:41:36,2025-04-22 15:55:36,OK,OK,OK,OK,BAD,BAD,OK,OK,OK,OK,OK,OK
2025-04-22 15:57:12,2025-04-22 16:11:12,OK,OK,OK,OK,BAD,BAD,OK,OK,OK,OK,OK,OK
2025-04-22 16:12:48,2025-04-22 16:26:48,OK,OK,OK,OK,BAD,BAD,OK,OK,OK,OK,OK,OK
2025-04-22 16:28:31,2025-04-22 16:42:31,OK,OK,OK,OK,BAD,BAD,OK,BAD,BAD,BAD,WARN,WARN
2025-04-22 16:50:38,2025-04-22 17:04:38,OK,OK,OK,OK,BAD,BAD,OK,BAD,OK,BAD,BAD,WARN
2025-04-22 17:08:34,2025-04-22 17:22:34,OK,OK,OK,OK,BAD,BAD,OK,BAD,OK,BAD,BAD,WARN
2025-04-22 17:26:24,2025-04-22 17:40:24,OK,OK,OK,OK,BAD,BAD,OK,BAD,OK,BAD,BAD,WARN
2025-04-22 17:44:15,2025-04-22 17:58:15,OK,OK,OK,OK,BAD,BAD,OK,BAD,OK,BAD,BAD,WARN
2025-04-22 18:02:07,2025-04-22 18:16:07,OK,OK,OK,OK,BAD,BAD,OK,BAD,OK,BAD,BAD,WARN
2025-04-22 18:19:59,2025-04-22 18:33:59,OK,OK,OK,OK,BAD,BAD,OK,BAD,OK,BAD,BAD,WARN
2025-04-22 18:37:49,2025-04-22 18:51:49,OK,OK,OK,OK,BAD,BAD,OK,OK,OK,OK,OK,OK
2025-04-22 18:53:30,2025-04-22 19:07:30,OK,OK,OK,OK,BAD,BAD,OK,OK,OK,OK,OK,OK
2025-04-22 19:09:16,2025-04-22 19:23:16,OK,OK,OK,OK,BAD,BAD,OK,OK,OK,OK,OK,OK
2025-04-22 19:25:06,2025-04-22 19:39:06,OK,OK,OK,OK,BAD,BAD,OK,OK,OK,OK,OK,OK
2025-04-22 19:40:44,2025-04-22 19:54:44,OK,BAD,OK,BAD,BAD,WARN,OK,OK,OK,OK,OK,OK
2025-04-22 19:56:27,2025-04-22 20:10:27,OK,BAD,OK,BAD,BAD,WARN,OK,OK,OK,OK,OK,OK
2025-04-22 20:12:06,2025-04-22 20:26:06,OK,BAD,OK,BAD,BAD,WARN,OK,OK,OK,OK,OK,OK
2025-04-22 20:27:56,2025-04-22 20:41:56,OK,BAD,OK,BAD,BAD,WARN,OK,OK,OK,OK,OK,OK
2025-04-22 20:43:46,2025-04-22 20:57:46,OK,BAD,OK,BAD,BAD,WARN,OK,OK,OK,OK,OK,OK
2025-04-22 20:59:48,2025-04-22 21:13:48,OK,BAD,OK,BAD,BAD,WARN,OK,OK,OK,OK,OK,OK
2025-04-22 21:15:46,2025-04-22 21:29:46,OK,BAD,OK,BAD,BAD,WARN,OK,OK,OK,OK,OK,OK
2025-04-22 21:32:06,2025-04-22 21:46:06,OK,BAD,OK,BAD,BAD,WARN,OK,OK,OK,OK,OK,OK
2025-04-22 21:47:51,2025-04-22 22:01:51,OK,BAD,OK,BAD,BAD,WARN,OK,OK,OK,OK,OK,OK
2025-04-22 22:03:40,2025-04-22 22:17:40,OK,BAD,OK,BAD,BAD,WARN,OK,OK,OK,OK,OK,OK
2025-04-22 22:20:06,2025-04-22 22:34:06,OK,BAD,OK,BAD,BAD,WARN,OK,OK,OK,OK,OK,OK
2025-04-22 22:35:59,2025-04-22 22:49:59,OK,BAD,OK,BAD,BAD,WARN,OK,OK,OK,OK,OK,OK
2025-04-22 22:52:12,2025-04-22 23:06:12,OK,BAD,OK,BAD,BAD,WARN,OK,OK,OK,OK,OK,OK
2025-04-22 23:08:11,2025-04-22 23:22:11,OK,BAD,OK,BAD,BAD,WARN,OK,OK,OK,OK,OK,OK
2025-04-22 23:24:14,2025-04-22 23:38:14,OK,BAD,OK,BAD,BAD,WARN,OK,OK,OK,OK,OK,OK
2025-04-22 23:40:01,2025-04-22 23:54:01,OK,BAD,OK,BAD,BAD,WARN,OK,OK,OK,OK,OK,OK
2025-04-22 23:55:56,2025-04-23 00:09:56,OK,BAD,OK,BAD,BAD,WARN,OK,OK,OK,OK,OK,OK
2025-04-23 00:11:48,2025-04-23 00:25:48,OK,BAD,OK,BAD,BAD,WARN,OK,OK,OK,OK,OK,OK
2025-04-23 00:28:32,2025-04-23 00:42:32,OK,BAD,OK,BAD,BAD,WARN,OK,OK,OK,OK,OK,OK
2025-04-23 00:45:14,2025-04-23 00:59:14,OK,BAD,OK,BAD,BAD,WARN,OK,OK,OK,OK,OK,OK
2025-04-23 01:01:41,2025-04-23 01:15:41,BAD,WARN,OK,BAD,BAD,WARN,BAD,WARN,OK,BAD,OK,WARN
2025-04-23 01:18:03,2025-04-23 01:32:03,BAD,WARN,OK,BAD,BAD,WARN,BAD,WARN,OK,BAD,OK,WARN
2025-04-23 01:34:33,2025-04-23 01:48:33,BAD,WARN,OK,BAD,BAD,WARN,BAD,WARN,OK,BAD,OK,WARN
2025-04-23 01:51:00,2025-04-23 02:05:00,BAD,WARN,OK,BAD,BAD,WARN,BAD,WARN,OK,BAD,OK,WARN
2025-04-23 02:07:32,2025-04-23 02:21:32,BAD,WARN,OK,BAD,BAD,WARN,BAD,WARN,OK,BAD,OK,WARN
2025-04-23 02:23:59,2025-04-23 02:37:59,BAD,WARN,OK,BAD,BAD,WARN,BAD,WARN,OK,BAD,OK,WARN
2025-04-23 02:40:28,2025-04-23 02:54:28,BAD,WARN,OK,BAD,BAD,WARN,BAD,WARN,OK,BAD,OK,WARN
2025-04-23 02:56:51,2025-04-23 03:10:51,BAD,WARN,OK,BAD,BAD,WARN,BAD,WARN,OK,BAD,OK,WARN
2025-04-23 03:13:18,2025-04-23 03:27:18,BAD,WARN,OK,BAD,BAD,WARN,BAD,WARN,OK,BAD,OK,WARN
2025-04-23 03:29:50,2025-04-23 03:43:50,BAD,WARN,OK,BAD,BAD,WARN,BAD,WARN,OK,BAD,OK,WARN
2025-04-23 03:46:22,2025-04-23 04:00:22,BAD,WARN,OK,BAD,BAD,WARN,BAD,WARN,OK,BAD,OK,WARN
2025-04-23 04:02:58,2025-04-23 04:16:58,BAD,WARN,OK,BAD,BAD,WARN,BAD,WARN,OK,BAD,OK,WARN
2025-04-23 04:19:32,2025-04-23 04:33:32,BAD,WARN,OK,BAD,BAD,WARN,BAD,WARN,OK,BAD,OK,WARN
2025-04-23 04:36:00,2025-04-23 04:50:00,BAD,WARN,OK,BAD,BAD,WARN,BAD,WARN,OK,BAD,OK,WARN
2025-04-23 04:52:26,2025-04-23 05:06:26,BAD,WARN,OK,BAD,BAD,WARN,BAD,WARN,OK,BAD,OK,WARN
2025-04-23 05:09:14,2025-04-23 05:23:14,BAD,WARN,OK,BAD,BAD,WARN,BAD,WARN,BAD,OK,WARN,BAD
2025-04-23 05:25:33,2025-04-23 05:39:33,BAD,WARN,OK,BAD,BAD,WARN,BAD,WARN,BAD,OK,WARN,BAD
2025-04-23 05:42:40,2025-04-23 05:56:40,BAD,WARN,OK,BAD,BAD,WARN,BAD,WARN,BAD,OK,WARN,BAD
2025-04-23 05:59:41,2025-04-23 06:13:41,OK,OK,OK,OK,BAD,BAD,BAD,WARN,BAD,OK,WARN,BAD
2025-04-23 06:16:24,2025-04-23 06:30:24,OK,OK,OK,OK,BAD,BAD,OK,OK,OK,OK,OK,OK
2025-04-23 06:33:00,2025-04-23 06:47:00,OK,OK,OK,OK,BAD,BAD,OK,OK,OK,OK,OK,OK
2025-04-23 06:49:06,2025-04-23 07:03:06,OK,OK,OK,OK,BAD,BAD,OK,OK,OK,OK,OK,OK
2025-04-23 07:05:25,2025-04-23 07:19:25,OK,OK,OK,OK,BAD,BAD,OK,OK,OK,OK,OK,OK
2025-04-23 07:21:26,2025-04-23 07:35:26,OK,OK,OK,OK,BAD,BAD,OK,OK,OK,OK,OK,OK
2025-04-23 07:37:27,2025-04-23 07:51:27,OK,OK,OK,OK,BAD,BAD,OK,OK,OK,OK,OK,OK
2025-04-23 07:53:25,2025-04-23 08:07:25,OK,OK,OK,OK,BAD,BAD,OK,OK,OK,OK,OK,OK
2025-04-23 08:09:26,2025-04-23 08:23:26,OK,OK,OK,OK,BAD,BAD,OK,OK,OK,OK,OK,OK
2025-04-23 08:25:18,2025-04-23 08:39:18,OK,OK,OK,OK,BAD,BAD,OK,OK,OK,OK,OK,OK
2025-04-23 08:41:09,2025-04-23 08:55:09,OK,OK,OK,OK,BAD,BAD,OK,OK,OK,OK,OK,OK
2025-04-23 08:56:59,2025-04-23 09:10:59,OK,OK,OK,OK,BAD,BAD,OK,OK,OK,OK,OK,OK
2025-04-23 09:12:50,2025-04-23 09:26:50,OK,OK,OK,OK,BAD,BAD,OK,OK,OK,OK,OK,OK
2025-04-23 09:28:48,2025-04-23 09:42:48,OK,OK,OK,OK,BAD,BAD,OK,OK,OK,OK,OK,OK
2025-04-23 09:44:41,2025-04-23 09:58:41,OK,OK,OK,OK,BAD,BAD,OK,OK,OK,OK,OK,OK
2025-04-23 10:00:40,2025-04-23 10:14:40,OK,OK,OK,OK,BAD,BAD,OK,OK,OK,OK,OK,OK
2025-04-23 10:16:40,2025-04-23 10:30:40,OK,OK,OK,OK,BAD,BAD,OK,OK,OK,OK,OK,OK
2025-04-23 10:32:46,2025-04-23 10:46:46,OK,OK,OK,OK,BAD,BAD,OK,OK,OK,OK,OK,OK
2025-04-23 10:48:39,2025-04-23 11:02:39,OK,OK,OK,OK,BAD,BAD,OK,OK,OK,OK,OK,OK
2025-04-23 11:04:36,2025-04-23 11:18:36,OK,OK,OK,OK,BAD,BAD,OK,OK,OK,OK,OK,OK
2025-04-23 11:20:30,2025-04-23 11:34:30,OK,OK,OK,OK,BAD,BAD,OK,OK,OK,OK,OK,OK
2025-04-23 11:36:15,2025-04-23 11:50:15,OK,OK,OK,OK,BAD,BAD,OK,OK,OK,OK,OK,OK
2025-04-23 11:52:12,2025-04-23 12:06:12,OK,OK,OK,OK,BAD,BAD,OK,OK,OK,OK,OK,OK
2025-04-23 12:07:56,2025-04-23 12:21:56,OK,OK,OK,OK,BAD,BAD,OK,OK,OK,OK,OK,OK
2025-04-23 12:24:07,2025-04-23 12:38:07,OK,OK,OK,OK,BAD,BAD,OK,OK,OK,OK,OK,OK
2025-04-23 12:39:55,2025-04-23 12:53:55,OK,OK,OK,OK,BAD,BAD,OK,OK,OK,OK,OK,OK
2025-04-23 12:55:45,2025-04-23 13:09:45,OK,OK,OK,OK,BAD,BAD,OK,OK,OK,OK,OK,OK
2025-04-23 13:11:32,2025-04-23 13:25:32,OK,OK,OK,OK,BAD,BAD,OK,OK,OK,OK,OK,OK
2025-04-23 13:27:24,2025-04-23 13:41:24,OK,OK,OK,OK,BAD,BAD,OK,OK,OK,OK,OK,OK
2025-04-23 13:43:13,2025-04-23 13:57:13,OK,OK,OK,OK,BAD,BAD,OK,OK,OK,OK,OK,OK
2025-04-23 13:59:01,2025-04-23 14:13:01,OK,OK,OK,OK,BAD,BAD,OK,OK,OK,OK,OK,OK
2025-04-23 14:14:44,2025-04-23 14:28:44,OK,OK,OK,OK,BAD,BAD,OK,OK,OK,BAD,OK,WARN
2025-04-23 14:30:27,2025-04-23 14:44:27,OK,OK,OK,OK,BAD,BAD,OK,OK,OK,OK,OK,OK
2025-04-23 14:46:14,2025-04-23 15:00:14,OK,OK,OK,OK,BAD,BAD,OK,OK,BAD,OK,WARN,BAD
2025-04-23 15:02:21,2025-04-23 15:16:21,OK,OK,OK,OK,BAD,BAD,OK,OK,BAD,OK,WARN,BAD
2025-04-23 15:18:28,2025-04-23 15:32:28,OK,OK,OK,OK,BAD,BAD,OK,OK,BAD,OK,WARN,BAD
2025-04-23 15:34:33,2025-04-23 15:48:33,OK,OK,OK,OK,BAD,BAD,OK,OK,BAD,OK,WARN,BAD
2025-04-23 15:50:39,2025-04-23 16:04:39,OK,OK,OK,OK,BAD,BAD,OK,OK,BAD,OK,WARN,BAD
2025-04-23 16:06:45,2025-04-23 16:20:45,OK,OK,OK,OK,BAD,BAD,OK,OK,BAD,OK,WARN,BAD
2025-04-23 16:22:50,2025-04-23 16:36:50,OK,OK,OK,OK,BAD,BAD,OK,OK,OK,OK,OK,OK
2025-04-23 16:38:34,2025-04-23 16:52:34,OK,OK,OK,OK,BAD,BAD,OK,OK,OK,OK,OK,OK
2025-04-23 16:54:16,2025-04-23 17:08:16,OK,OK,OK,OK,BAD,BAD,OK,OK,OK,OK,OK,OK
2025-04-23 17:10:04,2025-04-23 17:24:04,OK,OK,OK,OK,BAD,BAD,OK,OK,OK,OK,OK,OK
2025-04-23 17:25:48,2025-04-23 17:39:48,OK,OK,OK,OK,BAD,BAD,OK,OK,OK,OK,OK,OK
2025-04-23 17:41:32,2025-04-23 17:55:32,OK,OK,OK,OK,BAD,BAD,OK,OK,OK,OK,OK,OK
2025-04-23 17:57:16,2025-04-23 18:11:16,OK,OK,OK,OK,BAD,BAD,OK,OK,OK,OK,OK,OK
2025-04-23 18:13:48,2025-04-23 18:27:48,OK,OK,OK,OK,BAD,BAD,OK,OK,OK,OK,OK,OK
2025-04-23 18:29:30,2025-04-23 18:43:30,OK,OK,OK,OK,BAD,BAD,OK,OK,OK,OK,OK,OK
2025-04-23 18:45:08,2025-04-23 18:59:08,OK,OK,OK,OK,BAD,BAD,OK,OK,OK,OK,OK,OK
2025-04-23 19:00:44,2025-04-23 19:14:44,OK,OK,OK,OK,BAD,BAD,OK,OK,OK,OK,OK,OK
2025-04-23 19:16:24,2025-04-23 19:30:24,OK,OK,OK,OK,BAD,BAD,OK,OK,OK,OK,OK,OK
2025-04-23 19:32:05,2025-04-23 19:46:05,OK,OK,OK,OK,BAD,BAD,OK,OK,OK,OK,OK,OK
2025-04-23 19:47:43,2025-04-23 20:01:43,OK,BAD,OK,BAD,BAD,WARN,OK,OK,OK,OK,OK,OK
2025-04-23 20:03:23,2025-04-23 20:17:23,OK,BAD,OK,BAD,BAD,WARN,OK,OK,OK,OK,OK,OK
2025-04-23 20:19:15,2025-04-23 20:33:15,OK,BAD,OK,BAD,BAD,WARN,OK,OK,OK,OK,OK,OK
2025-04-23 20:34:56,2025-04-23 20:48:56,OK,BAD,OK,BAD,BAD,WARN,OK,OK,OK,OK,OK,OK
2025-04-23 20:50:46,2025-04-23 21:04:46,OK,BAD,OK,BAD,BAD,WARN,OK,OK,OK,OK,OK,OK
2025-04-23 21:06:30,2025-04-23 21:20:30,OK,BAD,OK,BAD,BAD,WARN,OK,OK,OK,OK,OK,OK
2025-04-23 21:22:23,2025-04-23 21:36:23,OK,BAD,OK,BAD,BAD,WARN,OK,OK,OK,OK,OK,OK
2025-04-23 21:38:04,2025-04-23 21:52:04,OK,BAD,OK,BAD,BAD,WARN,OK,OK,OK,OK,OK,OK
2025-04-23 21:53:48,2025-04-23 22:07:48,OK,BAD,OK,BAD,BAD,WARN,OK,OK,OK,OK,OK,OK
2025-04-23 22:09:31,2025-04-23 22:23:31,OK,BAD,OK,BAD,BAD,WARN,OK,OK,OK,OK,OK,OK
2025-04-23 22:25:14,2025-04-23 22:39:14,OK,BAD,OK,BAD,BAD,WARN,OK,OK,OK,OK,OK,OK
2025-04-23 22:41:10,2025-04-23 22:55:10,OK,BAD,OK,BAD,BAD,WARN,OK,OK,OK,OK,OK,OK
2025-04-23 22:57:06,2025-04-23 23:11:06,OK,BAD,OK,BAD,BAD,WARN,OK,OK,OK,OK,OK,OK
2025-04-23 23:13:01,2025-04-23 23:27:01,OK,BAD,OK,BAD,BAD,WARN,OK,OK,OK,OK,OK,OK
2025-04-23 23:28:58,2025-04-23 23:42:58,OK,BAD,OK,BAD,BAD,WARN,OK,OK,OK,OK,OK,OK
2025-04-23 23:44:52,2025-04-23 23:58:52,OK,BAD,OK,BAD,BAD,WARN,OK,OK,OK,OK,OK,OK
2025-04-24 00:00:53,2025-04-24 00:14:53,OK,BAD,OK,BAD,BAD,WARN,OK,OK,OK,OK,OK,OK
2025-04-24 00:17:00,2025-04-24 00:31:00,OK,BAD,OK,BAD,BAD,WARN,OK,OK,OK,OK,OK,OK
2025-04-24 00:33:22,2025-04-24 00:47:22,OK,BAD,OK,BAD,BAD,WARN,OK,OK,OK,OK,OK,OK
2025-04-24 00:49:23,2025-04-24 01:03:23,OK,BAD,OK,BAD,BAD,WARN,OK,OK,OK,OK,OK,OK
2025-04-24 01:05:28,2025-04-24 01:19:28,BAD,WARN,OK,BAD,BAD,WARN,BAD,WARN,OK,OK,OK,OK
2025-04-24 11:41:03,2025-04-24 11:55:03,OK,OK,OK,OK,BAD,BAD,OK,OK,OK,OK,OK,OK
2025-04-24 11:56:55,2025-04-24 12:10:55,OK,OK,OK,OK,BAD,BAD,OK,OK,OK,OK,OK,OK
2025-04-24 12:12:51,2025-04-24 12:26:51,OK,OK,OK,OK,BAD,BAD,OK,OK,OK,OK,OK,OK
2025-04-24 12:28:35,2025-04-24 12:42:35,OK,OK,OK,OK,BAD,BAD,OK,OK,OK,OK,OK,OK
2025-04-24 12:44:28,2025-04-24 12:58:28,OK,OK,OK,OK,BAD,BAD,OK,OK,OK,OK,OK,OK
2025-04-24 13:00:22,2025-04-24 13:14:22,OK,OK,OK,OK,BAD,BAD,OK,OK,OK,OK,OK,OK
2025-04-24 13:16:29,2025-04-24 13:30:29,OK,OK,OK,OK,BAD,BAD,OK,OK,OK,OK,OK,OK
2025-04-24 13:32:23,2025-04-24 13:46:23,OK,OK,OK,OK,BAD,BAD,OK,OK,OK,OK,OK,OK
2025-04-24 13:48:25,2025-04-24 14:02:25,OK,OK,OK,OK,BAD,BAD,OK,OK,OK,OK,OK,OK
2025-04-24 14:04:18,2025-04-24 14:18:18,OK,OK,OK,OK,BAD,BAD,OK,OK,OK,OK,OK,OK
2025-04-24 14:20:20,2025-04-24 14:34:20,OK,OK,OK,OK,BAD,BAD,OK,OK,OK,OK,OK,OK
2025-04-24 14:36:06,2025-04-24 14:50:06,OK,OK,OK,OK,BAD,BAD,OK,OK,OK,OK,OK,OK
2025-04-24 14:52:08,2025-04-24 15:06:08,OK,OK,OK,OK,BAD,BAD,OK,OK,BAD,OK,WARN,BAD
2025-04-24 15:08:13,2025-04-24 15:22:13,OK,OK,OK,OK,BAD,BAD,OK,OK,BAD,OK,WARN,BAD
2025-04-24 15:24:18,2025-04-24 15:38:18,OK,OK,OK,OK,BAD,BAD,OK,OK,BAD,OK,WARN,BAD
2025-04-24 15:40:27,2025-04-24 15:54:27,OK,OK,OK,OK,BAD,BAD,OK,OK,OK,OK,OK,OK
2025-04-24 15:56:10,2025-04-24 16:10:10,OK,OK,OK,OK,BAD,BAD,OK,OK,OK,OK,OK,OK
2025-04-24 16:11:58,2025-04-24 16:25:58,OK,OK,OK,OK,BAD,BAD,OK,OK,OK,OK,OK,OK
2025-04-24 16:27:46,2025-04-24 16:41:46,OK,OK,OK,OK,BAD,BAD,OK,OK,OK,OK,OK,OK
2025-04-24 16:43:31,2025-04-24 16:57:31,OK,OK,OK,OK,BAD,BAD,OK,OK,OK,OK,OK,OK
2025-04-24 16:59:16,2025-04-24 17:13:16,OK,OK,OK,OK,BAD,BAD,OK,OK,OK,OK,OK,OK
2025-04-24 17:15:25,2025-04-24 17:29:25,OK,OK,OK,OK,BAD,BAD,OK,OK,OK,OK,OK,OK
2025-04-24 17:31:06,2025-04-24 17:45:06,OK,OK,OK,OK,BAD,BAD,OK,OK,OK,OK,OK,OK
2025-04-24 17:46:43,2025-04-24 18:00:43,OK,OK,OK,OK,BAD,BAD,OK,OK,OK,OK,OK,OK
2025-04-24 18:02:28,2025-04-24 18:16:28,OK,OK,OK,OK,BAD,BAD,OK,OK,OK,OK,OK,OK
2025-04-24 18:18:12,2025-04-24 18:32:12,OK,OK,OK,OK,BAD,BAD,OK,OK,OK,OK,OK,OK
2025-04-24 18:33:52,2025-04-24 18:47:52,OK,OK,OK,OK,BAD,BAD,OK,OK,OK,OK,OK,OK
2025-04-24 18:49:40,2025-04-24 19:03:40,OK,OK,OK,OK,BAD,BAD,OK,OK,OK,OK,OK,OK
2025-04-24 19:05:18,2025-04-24 19:19:18,OK,OK,OK,OK,BAD,BAD,OK,OK,OK,OK,OK,OK
2025-04-24 19:20:59,2025-04-24 19:34:59,OK,OK,OK,OK,BAD,BAD,OK,OK,OK,OK,OK,OK
2025-04-24 19:36:48,2025-04-24 19:50:48,OK,BAD,OK,BAD,BAD,WARN,OK,OK,OK,OK,OK,OK
2025-04-24 19:52:45,2025-04-24 20:06:45,OK,BAD,OK,BAD,BAD,WARN,OK,OK,OK,OK,OK,OK
2025-04-24 20:08:31,2025-04-24 20:22:31,OK,BAD,OK,BAD,BAD,WARN,OK,OK,OK,OK,OK,OK
2025-04-24 20:24:27,2025-04-24 20:38:27,OK,BAD,OK,BAD,BAD,WARN,OK,OK,OK,OK,OK,OK
2025-04-24 20:40:16,2025-04-24 20:54:16,OK,BAD,OK,BAD,BAD,WARN,OK,OK,OK,OK,OK,OK
2025-04-24 20:56:07,2025-04-24 21:10:07,OK,BAD,OK,BAD,BAD,WARN,OK,OK,OK,OK,OK,OK
2025-04-24 21:12:04,2025-04-24 21:26:04,OK,BAD,OK,BAD,BAD,WARN,OK,OK,OK,OK,OK,OK
2025-04-24 21:28:05,2025-04-24 21:42:05,OK,BAD,OK,BAD,BAD,WARN,OK,OK,OK,OK,OK,OK
2025-04-24 21:44:00,2025-04-24 21:58:00,OK,BAD,OK,BAD,BAD,WARN,OK,OK,OK,OK,OK,OK
2025-04-24 21:59:58,2025-04-24 22:13:58,OK,BAD,OK,BAD,BAD,WARN,OK,OK,OK,OK,OK,OK
2025-04-24 22:15:59,2025-04-24 22:29:59,OK,BAD,OK,BAD,BAD,WARN,OK,OK,OK,OK,OK,OK
2025-04-24 22:31:57,2025-04-24 22:45:57,OK,BAD,OK,BAD,BAD,WARN,OK,OK,OK,OK,OK,OK
2025-04-24 22:48:01,2025-04-24 23:02:01,OK,BAD,OK,BAD,BAD,WARN,OK,OK,OK,OK,OK,OK
2025-04-24 23:03:52,2025-04-24 23:17:52,OK,BAD,OK,BAD,BAD,WARN,OK,OK,OK,OK,OK,OK
2025-04-24 23:19:55,2025-04-24 23:33:55,OK,BAD,OK,BAD,BAD,WARN,OK,OK,OK,OK,OK,OK
2025-04-24 23:35:57,2025-04-24 23:49:57,OK,BAD,OK,BAD,BAD,WARN,OK,OK,OK,OK,OK,OK
2025-04-24 23:51:56,2025-04-25 00:05:56,OK,BAD,OK,BAD,BAD,WARN,OK,OK,OK,OK,OK,OK
2025-04-25 00:07:52,2025-04-25 00:21:52,OK,BAD,OK,BAD,BAD,WARN,OK,OK,OK,OK,OK,OK
2025-04-25 00:23:54,2025-04-25 00:37:54,OK,BAD,OK,BAD,BAD,WARN,OK,OK,OK,OK,OK,OK
2025-04-25 00:40:02,2025-04-25 00:54:02,OK,BAD,OK,BAD,BAD,WARN,OK,OK,OK,OK,OK,OK
2025-04-25 00:55:58,2025-04-25 01:09:58,OK,BAD,OK,BAD,BAD,WARN,OK,OK,OK,OK,OK,OK
2025-04-25 01:12:07,2025-04-25 01:26:07,BAD,WARN,OK,BAD,BAD,WARN,BAD,WARN,OK,BAD,OK,WARN
2025-04-25 01:28:33,2025-04-25 01:42:33,BAD,WARN,OK,BAD,BAD,WARN,BAD,WARN,OK,BAD,OK,WARN
2025-04-25 01:44:57,2025-04-25 01:58:57,BAD,WARN,OK,BAD,BAD,WARN,BAD,WARN,OK,BAD,OK,WARN
2025-04-25 02:01:22,2025-04-25 02:15:22,BAD,WARN,OK,BAD,BAD,WARN,BAD,WARN,OK,BAD,OK,WARN
2025-04-25 02:17:49,2025-04-25 02:31:49,BAD,WARN,OK,BAD,BAD,WARN,BAD,WARN,OK,BAD,OK,WARN
2025-04-25 02:34:13,2025-04-25 02:48:13,BAD,WARN,OK,BAD,BAD,WARN,BAD,WARN,OK,BAD,OK,WARN
2025-04-25 02:50:36,2025-04-25 03:04:36,BAD,WARN,OK,BAD,BAD,WARN,BAD,WARN,OK,BAD,OK,WARN
2025-04-25 03:07:00,2025-04-25 03:21:00,BAD,WARN,OK,BAD,BAD,WARN,BAD,WARN,OK,BAD,OK,WARN
2025-04-25 03:23:22,2025-04-25 03:37:22,BAD,WARN,OK,BAD,BAD,WARN,BAD,WARN,OK,BAD,OK,WARN
2025-04-25 03:39:41,2025-04-25 03:53:41,BAD,WARN,OK,BAD,BAD,WARN,BAD,WARN,OK,BAD,OK,WARN
2025-04-25 03:56:05,2025-04-25 04:10:05,BAD,WARN,OK,BAD,BAD,WARN,BAD,WARN,OK,BAD,OK,WARN
2025-04-25 04:12:29,2025-04-25 04:26:29,BAD,WARN,OK,BAD,BAD,WARN,BAD,WARN,OK,BAD,OK,WARN
2025-04-25 04:28:51,2025-04-25 04:42:51,BAD,WARN,OK,BAD,BAD,WARN,BAD,WARN,OK,BAD,OK,WARN
2025-04-25 04:45:11,2025-04-25 04:59:11,BAD,WARN,OK,BAD,BAD,WARN,BAD,WARN,OK,BAD,OK,WARN
2025-04-25 05:01:21,2025-04-25 05:15:21,BAD,WARN,OK,BAD,BAD,WARN,BAD,WARN,OK,BAD,OK,WARN
2025-04-25 05:17:22,2025-04-25 05:31:22,BAD,WARN,OK,BAD,BAD,WARN,BAD,WARN,BAD,OK,WARN,BAD
2025-04-25 05:33:30,2025-04-25 05:47:30,BAD,WARN,OK,BAD,BAD,WARN,BAD,WARN,BAD,OK,WARN,BAD
2025-04-25 05:50:32,2025-04-25 06:04:32,OK,OK,OK,OK,BAD,BAD,BAD,WARN,BAD,OK,WARN,BAD
2025-04-25 06:07:22,2025-04-25 06:21:22,OK,OK,OK,OK,BAD,BAD,BAD,WARN,BAD,OK,WARN,BAD
2025-04-25 06:24:09,2025-04-25 06:38:09,OK,OK,OK,OK,BAD,BAD,OK,OK,BAD,OK,WARN,BAD
2025-04-25 06:40:32,2025-04-25 06:54:32,OK,OK,OK,OK,BAD,BAD,OK,OK,BAD,OK,WARN,BAD
2025-04-25 06:56:50,2025-04-25 07:10:50,OK,OK,OK,OK,BAD,BAD,OK,OK,BAD,OK,WARN,BAD
2025-04-25 07:13:02,2025-04-25 07:27:02,OK,OK,OK,OK,BAD,BAD,OK,OK,BAD,OK,WARN,BAD
2025-04-25 07:29:24,2025-04-25 07:43:24,OK,OK,OK,OK,BAD,BAD,OK,OK,BAD,OK,WARN,BAD
2025-04-25 07:45:36,2025-04-25 07:59:36,OK,OK,OK,OK,BAD,BAD,OK,OK,BAD,OK,WARN,BAD
2025-04-25 08:01:58,2025-04-25 08:15:58,OK,OK,OK,OK,BAD,BAD,OK,OK,OK,OK,OK,OK
2025-04-25 08:17:57,2025-04-25 08:31:57,OK,OK,OK,OK,BAD,BAD,OK,OK,OK,OK,OK,OK
2025-04-25 08:33:53,2025-04-25 08:47:53,OK,OK,OK,OK,BAD,BAD,OK,OK,OK,BAD,OK,WARN
2025-04-25 08:49:32,2025-04-25 09:03:32,OK,OK,OK,OK,BAD,BAD,OK,OK,OK,OK,OK,OK
2025-04-25 09:05:22,2025-04-25 09:19:22,OK,OK,OK,OK,BAD,BAD,OK,OK,OK,OK,OK,OK
2025-04-25 09:21:08,2025-04-25 09:35:08,OK,OK,OK,OK,BAD,BAD,OK,OK,OK,OK,OK,OK
2025-04-25 09:36:55,2025-04-25 09:50:55,OK,OK,OK,OK,BAD,BAD,OK,OK,OK,OK,OK,OK
2025-04-25 09:52:43,2025-04-25 10:06:43,OK,OK,OK,OK,BAD,BAD,OK,OK,OK,OK,OK,OK
2025-04-25 10:08:32,2025-04-25 10:22:32,OK,OK,OK,OK,BAD,BAD,OK,OK,OK,OK,OK,OK
2025-04-25 10:24:19,2025-04-25 10:38:19,OK,OK,OK,OK,BAD,BAD,OK,OK,OK,OK,OK,OK
2025-04-25 10:40:10,2025-04-25 10:54:10,OK,OK,OK,OK,BAD,BAD,OK,OK,OK,OK,OK,OK
2025-04-25 10:55:52,2025-04-25 11:09:52,OK,OK,OK,OK,BAD,BAD,OK,OK,OK,OK,OK,OK
2025-04-25 11:11:39,2025-04-25 11:25:39,OK,OK,OK,OK,BAD,BAD,OK,OK,OK,OK,OK,OK
2025-04-25 11:27:26,2025-04-25 11:41:26,OK,OK,OK,OK,BAD,BAD,OK,OK,OK,OK,OK,OK
2025-04-25 11:43:11,2025-04-25 11:57:11,OK,OK,OK,OK,BAD,BAD,OK,OK,OK,OK,OK,OK
2025-04-25 11:58:50,2025-04-25 12:12:50,OK,OK,OK,OK,BAD,BAD,OK,OK,OK,OK,OK,OK
2025-04-25 12:14:36,2025-04-25 12:28:36,OK,OK,OK,OK,BAD,BAD,OK,OK,OK,OK,OK,OK
2025-04-25 12:30:26,2025-04-25 12:44:26,OK,OK,OK,OK,BAD,BAD,OK,OK,OK,OK,OK,OK
2025-04-25 12:46:19,2025-04-25 13:00:19,OK,OK,OK,OK,BAD,BAD,OK,OK,OK,OK,OK,OK
2025-04-25 13:02:10,2025-04-25 13:16:10,OK,OK,OK,OK,BAD,BAD,OK,OK,OK,OK,OK,OK
2025-04-25 13:17:56,2025-04-25 13:31:56,OK,OK,OK,OK,BAD,BAD,OK,OK,OK,OK,OK,OK
2025-04-25 13:33:41,2025-04-25 13:47:41,OK,OK,OK,BAD,BAD,WARN,OK,OK,OK,OK,OK,OK
2025-04-25 13:49:29,2025-04-25 14:03:29,OK,OK,OK,OK,BAD,BAD,OK,OK,OK,OK,OK,OK
2025-04-25 14:05:25,2025-04-25 14:19:25,OK,OK,OK,OK,BAD,BAD,OK,OK,OK,OK,OK,OK
2025-04-25 14:21:24,2025-04-25 14:35:24,OK,OK,OK,OK,BAD,BAD,OK,OK,OK,OK,OK,OK
2025-04-25 14:37:18,2025-04-25 14:51:18,OK,OK,OK,OK,BAD,BAD,OK,OK,OK,OK,OK,OK
2025-04-25 14:53:11,2025-04-25 15:07:11,OK,OK,OK,OK,BAD,BAD,OK,OK,BAD,OK,WARN,BAD
2025-04-25 15:09:24,2025-04-25 15:23:24,OK,OK,OK,OK,BAD,BAD,OK,OK,BAD,OK,WARN,BAD
2025-04-25 15:25:37,2025-04-25 15:39:37,OK,OK,OK,OK,BAD,BAD,OK,OK,BAD,OK,WARN,BAD
2025-04-25 15:41:49,2025-04-25 15:55:49,OK,OK,OK,OK,BAD,BAD,OK,OK,OK,OK,OK,OK
2025-04-25 15:57:46,2025-04-25 16:11:46,OK,OK,OK,OK,BAD,BAD,OK,OK,OK,OK,OK,OK
2025-04-25 16:13:43,2025-04-25 16:27:43,OK,OK,OK,OK,BAD,BAD,OK,OK,OK,OK,OK,OK
2025-04-25 16:29:33,2025-04-25 16:43:33,OK,OK,OK,OK,BAD,BAD,OK,OK,OK,OK,OK,OK
2025-04-25 16:45:21,2025-04-25 16:59:21,OK,OK,OK,OK,BAD,BAD,OK,OK,OK,OK,OK,OK
2025-04-25 17:01:14,2025-04-25 17:15:14,OK,OK,OK,OK,BAD,BAD,OK,OK,OK,OK,OK,OK
2025-04-25 17:17:10,2025-04-25 17:31:10,OK,OK,OK,OK,BAD,BAD,OK,OK,OK,OK,OK,OK
2025-04-25 17:33:03,2025-04-25 17:47:03,OK,OK,OK,OK,BAD,BAD,OK,OK,OK,OK,OK,OK
2025-04-25 17:48:55,2025-04-25 18:02:55,OK,OK,OK,OK,BAD,BAD,OK,OK,OK,OK,OK,OK
2025-04-25 18:04:43,2025-04-25 18:18:43,OK,OK,OK,OK,BAD,BAD,OK,OK,OK,OK,OK,OK
2025-04-25 18:20:37,2025-04-25 18:34:37,OK,OK,OK,OK,BAD,BAD,OK,OK,OK,OK,OK,OK
2025-04-25 18:36:27,2025-04-25 18:50:27,OK,OK,OK,OK,BAD,BAD,OK,OK,OK,OK,OK,OK
2025-04-25 18:52:16,2025-04-25 19:06:16,OK,OK,OK,OK,BAD,BAD,OK,OK,OK,OK,OK,OK
2025-04-25 19:08:13,2025-04-25 19:22:13,OK,OK,OK,OK,BAD,BAD,OK,OK,OK,OK,OK,OK
2025-04-25 19:24:07,2025-04-25 19:38:07,OK,OK,OK,OK,BAD,BAD,OK,OK,OK,OK,OK,OK
2025-04-25 19:39:58,2025-04-25 19:53:58,OK,BAD,OK,BAD,BAD,WARN,OK,OK,OK,OK,OK,OK
2025-04-25 19:55:52,2025-04-25 20:09:52,OK,BAD,OK,BAD,BAD,WARN,OK,OK,OK,OK,OK,OK
2025-04-25 20:11:55,2025-04-25 20:25:55,OK,BAD,OK,BAD,BAD,WARN,OK,OK,OK,OK,OK,OK
2025-04-25 20:27:56,2025-04-25 20:41:56,OK,BAD,OK,BAD,BAD,WARN,OK,OK,OK,OK,OK,OK
2025-04-25 20:43:47,2025-04-25 20:57:47,OK,BAD,OK,BAD,BAD,WARN,OK,OK,OK,OK,OK,OK
2025-04-25 20:59:36,2025-04-25 21:13:36,OK,BAD,OK,BAD,BAD,WARN,OK,OK,OK,OK,OK,OK
2025-04-25 21:15:40,2025-04-25 21:29:40,OK,BAD,OK,BAD,BAD,WARN,OK,OK,OK,OK,OK,OK
2025-04-25 21:31:44,2025-04-25 21:45:44,OK,BAD,OK,BAD,BAD,WARN,OK,OK,OK,OK,OK,OK
2025-04-25 21:47:46,2025-04-25 22:01:46,OK,BAD,OK,BAD,BAD,WARN,OK,OK,OK,OK,OK,OK
2025-04-25 22:03:38,2025-04-25 22:17:38,OK,BAD,OK,BAD,BAD,WARN,OK,OK,OK,OK,OK,OK
2025-04-25 22:19:33,2025-04-25 22:33:33,OK,BAD,OK,BAD,BAD,WARN,OK,OK,OK,OK,OK,OK
2025-04-25 22:35:42,2025-04-25 22:49:42,OK,BAD,OK,BAD,BAD,WARN,OK,OK,OK,OK,OK,OK
2025-04-25 22:51:33,2025-04-25 23:05:33,OK,BAD,OK,BAD,BAD,WARN,OK,OK,OK,OK,OK,OK
2025-04-25 23:07:28,2025-04-25 23:21:28,OK,BAD,OK,BAD,BAD,WARN,OK,OK,OK,OK,OK,OK
2025-04-25 23:23:25,2025-04-25 23:37:25,OK,BAD,OK,BAD,BAD,WARN,OK,OK,OK,OK,OK,OK
2025-04-25 23:39:20,2025-04-25 23:53:20,OK,BAD,OK,BAD,BAD,WARN,OK,OK,OK,OK,OK,OK
2025-04-25 23:55:16,2025-04-26 00:09:16,OK,BAD,OK,BAD,BAD,WARN,OK,OK,OK,OK,OK,OK
2025-04-26 00:11:13,2025-04-26 00:25:13,OK,BAD,OK,BAD,BAD,WARN,OK,OK,OK,OK,OK,OK
2025-04-26 00:27:18,2025-04-26 00:41:18,OK,BAD,OK,BAD,BAD,WARN,OK,OK,OK,OK,OK,OK
2025-04-26 00:43:17,2025-04-26 00:57:17,OK,BAD,OK,BAD,BAD,WARN,OK,OK,OK,OK,OK,OK
2025-04-26 00:59:15,2025-04-26 01:13:15,OK,BAD,OK,BAD,BAD,WARN,OK,OK,OK,OK,OK,OK
2025-04-26 01:15:25,2025-04-26 01:29:25,BAD,WARN,OK,BAD,BAD,WARN,OK,OK,OK,OK,OK,OK
2025-04-26 01:31:52,2025-04-26 01:45:52,BAD,WARN,OK,BAD,BAD,WARN,BAD,WARN,OK,BAD,OK,WARN
2025-04-26 01:48:40,2025-04-26 02:02:40,BAD,WARN,OK,BAD,BAD,WARN,BAD,WARN,OK,BAD,OK,WARN
2025-04-26 02:05:25,2025-04-26 02:19:25,BAD,WARN,OK,BAD,BAD,WARN,BAD,WARN,OK,BAD,OK,WARN
2025-04-26 02:22:09,2025-04-26 02:36:09,BAD,WARN,OK,BAD,BAD,WARN,BAD,WARN,OK,BAD,OK,WARN
2025-04-26 02:38:51,2025-04-26 02:52:51,BAD,WARN,OK,BAD,BAD,WARN,BAD,WARN,OK,BAD,OK,WARN
2025-04-26 02:55:38,2025-04-26 03:09:38,BAD,WARN,OK,BAD,BAD,WARN,BAD,WARN,OK,BAD,OK,WARN
2025-04-26 03:12:25,2025-04-26 03:26:25,BAD,WARN,OK,BAD,BAD,WARN,BAD,WARN,OK,BAD,OK,WARN
2025-04-26 03:29:21,2025-04-26 03:43:21,BAD,WARN,OK,BAD,BAD,WARN,BAD,WARN,OK,BAD,OK,WARN
2025-04-26 03:46:06,2025-04-26 04:00:06,BAD,WARN,OK,BAD,BAD,WARN,BAD,WARN,OK,BAD,OK,WARN
2025-04-26 04:02:49,2025-04-26 04:16:49,BAD,WARN,OK,BAD,BAD,WARN,BAD,WARN,OK,BAD,OK,WARN
2025-04-26 04:19:30,2025-04-26 04:33:30,BAD,WARN,OK,BAD,BAD,WARN,BAD,WARN,OK,BAD,OK,WARN
2025-04-26 04:36:11,2025-04-26 04:50:11,BAD,WARN,OK,BAD,BAD,WARN,BAD,WARN,OK,BAD,OK,WARN
2025-04-26 04:52:52,2025-04-26 05:06:52,BAD,WARN,OK,BAD,BAD,WARN,BAD,WARN,OK,BAD,OK,WARN
2025-04-26 05:09:37,2025-04-26 05:23:37,BAD,WARN,OK,BAD,BAD,WARN,BAD,WARN,OK,BAD,OK,WARN
2025-04-26 05:26:22,2025-04-26 05:40:22,BAD,WARN,OK,BAD,BAD,WARN,BAD,WARN,OK,BAD,OK,WARN
2025-04-26 05:43:05,2025-04-26 05:57:05,BAD,WARN,OK,BAD,BAD,WARN,BAD,WARN,OK,BAD,OK,WARN
2025-04-26 05:59:52,2025-04-26 06:13:52,BAD,WARN,OK,BAD,BAD,WARN,BAD,WARN,OK,BAD,OK,WARN
2025-04-26 06:16:49,2025-04-26 06:30:49,BAD,WARN,OK,BAD,BAD,WARN,BAD,WARN,OK,BAD,OK,WARN
2025-04-26 06:33:40,2025-04-26 06:47:40,BAD,WARN,OK,BAD,BAD,WARN,BAD,WARN,BAD,OK,WARN,BAD
2025-04-26 06:50:38,2025-04-26 07:04:38,BAD,WARN,OK,BAD,BAD,WARN,BAD,WARN,BAD,OK,WARN,BAD
2025-04-26 07:07:40,2025-04-26 07:21:40,BAD,WARN,OK,BAD,BAD,WARN,BAD,WARN,BAD,OK,WARN,BAD
2025-04-26 07:24:40,2025-04-26 07:38:40,BAD,WARN,OK,BAD,BAD,WARN,BAD,WARN,BAD,OK,WARN,BAD
2025-04-26 07:41:39,2025-04-26 07:55:39,BAD,WARN,OK,BAD,BAD,WARN,BAD,WARN,BAD,OK,WARN,BAD
2025-04-26 07:58:37,2025-04-26 08:12:37,BAD,WARN,OK,BAD,BAD,WARN,BAD,WARN,BAD,OK,WARN,BAD
2025-04-26 08:15:36,2025-04-26 08:29:36,BAD,WARN,OK,BAD,BAD,WARN,BAD,WARN,BAD,OK,WARN,BAD
2025-04-26 08:32:35,2025-04-26 08:46:35,BAD,WARN,OK,BAD,BAD,WARN,BAD,WARN,BAD,OK,WARN,BAD
2025-04-26 08:49:34,2025-04-26 09:03:34,BAD,WARN,OK,BAD,BAD,WARN,BAD,WARN,BAD,OK,WARN,BAD
2025-04-26 09:06:33,2025-04-26 09:20:33,BAD,WARN,OK,BAD,BAD,WARN,BAD,WARN,BAD,OK,WARN,BAD
2025-04-26 09:23:32,2025-04-26 09:37:32,BAD,WARN,OK,BAD,BAD,WARN,BAD,WARN,BAD,OK,WARN,BAD
2025-04-26 09:40:31,2025-04-26 09:54:31,BAD,WARN,OK,BAD,BAD,WARN,BAD,WARN,BAD,OK,WARN,BAD
2025-04-26 09:57:29,2025-04-26 10:11:29,BAD,WARN,OK,BAD,BAD,WARN,BAD,WARN,BAD,OK,WARN,BAD
2025-04-26 10:14:27,2025-04-26 10:28:27,BAD,WARN,OK,BAD,BAD,WARN,BAD,WARN,BAD,OK,WARN,BAD
2025-04-26 10:31:26,2025-04-26 10:45:26,BAD,WARN,OK,BAD,BAD,WARN,BAD,WARN,BAD,OK,WARN,BAD
2025-04-26 10:48:24,2025-04-26 11:02:24,BAD,WARN,OK,BAD,BAD,WARN,BAD,WARN,BAD,OK,WARN,BAD
2025-04-26 11:05:22,2025-04-26 11:19:22,BAD,WARN,OK,BAD,BAD,WARN,BAD,WARN,BAD,OK,WARN,BAD
2025-04-26 11:22:20,2025-04-26 11:36:20,BAD,WARN,OK,BAD,BAD,WARN,BAD,WARN,BAD,OK,WARN,BAD
2025-04-26 11:39:19,2025-04-26 11:53:19,BAD,WARN,OK,BAD,BAD,WARN,BAD,WARN,BAD,OK,WARN,BAD
2025-04-26 11:56:17,2025-04-26 12:10:17,BAD,WARN,OK,BAD,BAD,WARN,BAD,WARN,BAD,OK,WARN,BAD
2025-04-26 12:13:16,2025-04-26 12:27:16,BAD,WARN,OK,BAD,BAD,WARN,BAD,WARN,BAD,OK,WARN,BAD
2025-04-26 12:30:16,2025-04-26 12:44:16,BAD,WARN,OK,BAD,BAD,WARN,BAD,WARN,BAD,OK,WARN,BAD
2025-04-26 12:47:15,2025-04-26 13:01:15,BAD,WARN,OK,BAD,BAD,WARN,BAD,WARN,BAD,OK,WARN,BAD
2025-04-26 13:04:19,2025-04-26 13:18:19,BAD,WARN,OK,BAD,BAD,WARN,BAD,WARN,BAD,OK,WARN,BAD
2025-04-26 13:21:19,2025-04-26 13:35:19,BAD,WARN,OK,BAD,BAD,WARN,BAD,WARN,BAD,OK,WARN,BAD
2025-04-26 13:38:18,2025-04-26 13:52:18,BAD,WARN,OK,BAD,BAD,WARN,BAD,WARN,BAD,OK,WARN,BAD
2025-04-26 13:55:16,2025-04-26 14:09:16,BAD,WARN,OK,BAD,BAD,WARN,BAD,WARN,BAD,OK,WARN,BAD
2025-04-26 14:12:15,2025-04-26 14:26:15,BAD,WARN,OK,BAD,BAD,WARN,BAD,WARN,BAD,OK,WARN,BAD
2025-04-26 14:29:14,2025-04-26 14:43:14,BAD,WARN,OK,BAD,BAD,WARN,BAD,WARN,BAD,OK,WARN,BAD
2025-04-26 14:46:12,2025-04-26 15:00:12,BAD,WARN,OK,BAD,BAD,WARN,BAD,WARN,BAD,OK,WARN,BAD
2025-04-26 15:03:10,2025-04-26 15:17:10,BAD,WARN,OK,BAD,BAD,WARN,BAD,WARN,BAD,OK,WARN,BAD
2025-04-26 15:20:08,2025-04-26 15:34:08,BAD,WARN,OK,BAD,BAD,WARN,BAD,WARN,BAD,OK,WARN,BAD
2025-04-26 15:37:07,2025-04-26 15:51:07,BAD,WARN,OK,BAD,BAD,WARN,BAD,WARN,BAD,OK,WARN,BAD
2025-04-26 15:54:06,2025-04-26 16:08:06,BAD,WARN,OK,BAD,BAD,WARN,BAD,WARN,BAD,OK,WARN,BAD
2025-04-26 16:11:04,2025-04-26 16:25:04,BAD,WARN,OK,BAD,BAD,WARN,BAD,WARN,BAD,OK,WARN,BAD
2025-04-26 16:28:04,2025-04-26 16:42:04,BAD,WARN,OK,BAD,BAD,WARN,BAD,WARN,BAD,OK,WARN,BAD
2025-04-26 16:45:04,2025-04-26 16:59:04,BAD,WARN,OK,BAD,BAD,WARN,BAD,WARN,BAD,OK,WARN,BAD
2025-04-26 17:02:04,2025-04-26 17:16:04,BAD,WARN,OK,BAD,BAD,WARN,BAD,WARN,BAD,OK,WARN,BAD
2025-04-26 17:19:04,2025-04-26 17:33:04,BAD,WARN,OK,BAD,BAD,WARN,BAD,WARN,BAD,OK,WARN,BAD
2025-04-26 17:36:02,2025-04-26 17:50:02,BAD,WARN,OK,BAD,BAD,WARN,BAD,WARN,BAD,OK,WARN,BAD
2025-04-26 17:53:02,2025-04-26 18:07:02,BAD,WARN,OK,BAD,BAD,WARN,BAD,WARN,BAD,OK,WARN,BAD
2025-04-26 18:10:00,2025-04-26 18:24:00,BAD,WARN,OK,BAD,BAD,WARN,BAD,WARN,BAD,OK,WARN,BAD
2025-04-26 18:26:59,2025-04-26 18:40:59,BAD,WARN,OK,BAD,BAD,WARN,BAD,WARN,BAD,OK,WARN,BAD
2025-04-26 18:43:58,2025-04-26 18:57:58,BAD,WARN,OK,BAD,BAD,WARN,BAD,WARN,BAD,OK,WARN,BAD
2025-04-26 19:00:57,2025-04-26 19:14:57,BAD,WARN,OK,BAD,BAD,WARN,BAD,WARN,BAD,OK,WARN,BAD
2025-04-26 19:17:55,2025-04-26 19:31:55,BAD,WARN,OK,BAD,BAD,WARN,BAD,WARN,BAD,OK,WARN,BAD
2025-04-26 19:34:53,2025-04-26 19:48:53,BAD,WARN,OK,BAD,BAD,WARN,BAD,WARN,BAD,OK,WARN,BAD
2025-04-26 19:51:51,2025-04-26 20:05:51,BAD,WARN,OK,BAD,BAD,WARN,BAD,WARN,OK,BAD,BAD,WARN
2025-04-26 20:08:29,2025-04-26 20:22:29,BAD,WARN,OK,BAD,BAD,WARN,BAD,WARN,OK,BAD,OK,WARN
2025-04-26 20:25:08,2025-04-26 20:39:08,BAD,WARN,OK,BAD,BAD,WARN,BAD,WARN,OK,BAD,OK,WARN
2025-04-26 20:41:46,2025-04-26 20:55:46,BAD,WARN,OK,BAD,BAD,WARN,BAD,WARN,OK,BAD,OK,WARN
2025-04-26 20:58:25,2025-04-26 21:12:25,BAD,WARN,OK,BAD,BAD,WARN,BAD,WARN,OK,BAD,OK,WARN
2025-04-26 21:14:59,2025-04-26 21:28:59,BAD,WARN,OK,BAD,BAD,WARN,BAD,WARN,OK,BAD,OK,WARN
2025-04-26 21:31:35,2025-04-26 21:45:35,BAD,WARN,OK,BAD,BAD,WARN,BAD,WARN,OK,BAD,OK,WARN
2025-04-26 21:48:11,2025-04-26 22:02:11,BAD,WARN,OK,BAD,BAD,WARN,BAD,WARN,OK,BAD,OK,WARN
2025-04-26 22:04:48,2025-04-26 22:18:48,BAD,WARN,OK,BAD,BAD,WARN,BAD,WARN,OK,BAD,OK,WARN
2025-04-26 22:21:24,2025-04-26 22:35:24,BAD,WARN,OK,BAD,BAD,WARN,BAD,WARN,OK,BAD,OK,WARN
2025-04-26 22:37:59,2025-04-26 22:51:59,BAD,WARN,OK,BAD,BAD,WARN,BAD,WARN,OK,BAD,OK,WARN
2025-04-26 22:54:35,2025-04-26 23:08:35,BAD,WARN,OK,BAD,BAD,WARN,BAD,WARN,OK,BAD,OK,WARN
2025-04-26 23:11:12,2025-04-26 23:25:12,BAD,WARN,OK,BAD,BAD,WARN,BAD,WARN,OK,BAD,OK,WARN
2025-04-26 23:27:47,2025-04-26 23:41:47,BAD,WARN,OK,BAD,BAD,WARN,BAD,WARN,OK,BAD,OK,WARN
2025-04-26 23:44:23,2025-04-26 23:58:23,BAD,WARN,OK,BAD,BAD,WARN,BAD,WARN,OK,BAD,OK,WARN
2025-04-27 00:01:04,2025-04-27 00:15:04,BAD,WARN,OK,BAD,BAD,WARN,BAD,WARN,OK,BAD,OK,WARN
2025-04-27 00:17:52,2025-04-27 00:31:52,BAD,WARN,OK,BAD,BAD,WARN,BAD,WARN,OK,BAD,OK,WARN
2025-04-27 00:34:29,2025-04-27 00:48:29,BAD,WARN,OK,BAD,BAD,WARN,BAD,WARN,OK,BAD,OK,WARN
2025-04-27 00:51:06,2025-04-27 01:05:06,BAD,WARN,OK,BAD,BAD,WARN,BAD,WARN,OK,BAD,OK,WARN
2025-04-27 01:07:42,2025-04-27 01:21:42,BAD,WARN,OK,BAD,BAD,WARN,BAD,WARN,OK,BAD,OK,WARN
2025-04-27 01:24:27,2025-04-27 01:38:27,BAD,WARN,OK,BAD,BAD,WARN,BAD,WARN,OK,BAD,OK,WARN
2025-04-27 01:41:12,2025-04-27 01:55:12,BAD,WARN,OK,BAD,BAD,WARN,BAD,WARN,OK,BAD,OK,WARN
2025-04-27 01:57:52,2025-04-27 02:11:52,BAD,WARN,OK,BAD,BAD,WARN,BAD,WARN,OK,BAD,OK,WARN
2025-04-27 02:14:31,2025-04-27 02:28:31,BAD,WARN,OK,BAD,BAD,WARN,BAD,WARN,OK,BAD,OK,WARN
2025-04-27 02:31:13,2025-04-27 02:45:13,BAD,WARN,OK,BAD,BAD,WARN,BAD,WARN,OK,BAD,OK,WARN
2025-04-27 02:47:51,2025-04-27 03:01:51,BAD,WARN,OK,BAD,BAD,WARN,BAD,WARN,OK,BAD,OK,WARN
2025-04-27 03:04:27,2025-04-27 03:18:27,BAD,WARN,OK,BAD,BAD,WARN,BAD,WARN,OK,BAD,OK,WARN
2025-04-27 03:21:08,2025-04-27 03:35:08,BAD,WARN,OK,BAD,BAD,WARN,BAD,WARN,OK,BAD,OK,WARN
2025-04-27 03:37:48,2025-04-27 03:51:48,BAD,WARN,OK,BAD,BAD,WARN,BAD,WARN,OK,BAD,OK,WARN
2025-04-27 03:54:28,2025-04-27 04:08:28,BAD,WARN,OK,BAD,BAD,WARN,BAD,WARN,OK,BAD,OK,WARN
2025-04-27 04:11:07,2025-04-27 04:25:07,BAD,WARN,OK,BAD,BAD,WARN,BAD,WARN,OK,BAD,OK,WARN
2025-04-27 04:27:49,2025-04-27 04:41:49,BAD,WARN,OK,BAD,BAD,WARN,BAD,WARN,OK,BAD,OK,WARN
2025-04-27 04:44:25,2025-04-27 04:58:25,BAD,WARN,OK,BAD,BAD,WARN,BAD,WARN,OK,BAD,OK,WARN
2025-04-27 05:01:05,2025-04-27 05:15:05,BAD,WARN,OK,BAD,BAD,WARN,BAD,WARN,OK,BAD,OK,WARN
2025-04-27 05:17:48,2025-04-27 05:31:48,BAD,WARN,OK,BAD,BAD,WARN,BAD,WARN,OK,BAD,OK,WARN
2025-04-27 05:34:33,2025-04-27 05:48:33,BAD,WARN,OK,BAD,BAD,WARN,BAD,WARN,OK,BAD,OK,WARN
2025-04-27 05:51:16,2025-04-27 06:05:16,BAD,WARN,OK,BAD,BAD,WARN,BAD,WARN,OK,BAD,OK,WARN
2025-04-27 06:08:05,2025-04-27 06:22:05,BAD,WARN,OK,BAD,BAD,WARN,BAD,WARN,OK,BAD,OK,WARN
2025-04-27 06:24:57,2025-04-27 06:38:57,BAD,WARN,OK,BAD,BAD,WARN,BAD,WARN,OK,BAD,OK,WARN
2025-04-27 06:41:41,2025-04-27 06:55:41,BAD,WARN,OK,BAD,BAD,WARN,BAD,WARN,OK,BAD,OK,WARN
2025-04-27 06:58:29,2025-04-27 07:12:29,BAD,WARN,OK,BAD,BAD,WARN,BAD,WARN,OK,BAD,OK,WARN
2025-04-27 07:15:11,2025-04-27 07:29:11,BAD,WARN,OK,BAD,BAD,WARN,BAD,WARN,OK,BAD,OK,WARN
2025-04-27 07:31:54,2025-04-27 07:45:54,BAD,WARN,OK,BAD,BAD,WARN,BAD,WARN,OK,BAD,OK,WARN
2025-04-27 07:48:38,2025-04-27 08:02:38,BAD,WARN,OK,BAD,BAD,WARN,BAD,WARN,OK,BAD,OK,WARN
2025-04-27 08:05:21,2025-04-27 08:19:21,BAD,WARN,OK,BAD,BAD,WARN,BAD,WARN,OK,BAD,OK,WARN
2025-04-27 08:22:06,2025-04-27 08:36:06,BAD,WARN,OK,BAD,BAD,WARN,BAD,WARN,OK,BAD,OK,WARN
2025-04-27 08:38:50,2025-04-27 08:52:50,BAD,WARN,OK,BAD,BAD,WARN,BAD,WARN,OK,BAD,OK,WARN
2025-04-27 08:55:40,2025-04-27 09:09:40,BAD,WARN,OK,BAD,BAD,WARN,BAD,WARN,OK,BAD,OK,WARN
2025-04-27 09:12:22,2025-04-27 09:26:22,BAD,WARN,OK,BAD,BAD,WARN,BAD,WARN,OK,BAD,OK,WARN
2025-04-27 09:29:08,2025-04-27 09:43:08,BAD,WARN,OK,BAD,BAD,WARN,BAD,WARN,OK,BAD,OK,WARN
2025-04-27 09:45:52,2025-04-27 09:59:52,BAD,WARN,OK,BAD,BAD,WARN,BAD,WARN,OK,BAD,OK,WARN
2025-04-27 10:02:39,2025-04-27 10:16:39,BAD,WARN,OK,BAD,BAD,WARN,BAD,WARN,OK,BAD,OK,WARN
2025-04-27 10:19:30,2025-04-27 10:33:30,BAD,WARN,OK,BAD,BAD,WARN,BAD,WARN,OK,BAD,OK,WARN
2025-04-27 10:36:10,2025-04-27 10:50:10,BAD,WARN,OK,BAD,BAD,WARN,BAD,WARN,OK,BAD,OK,WARN
2025-04-27 10:52:49,2025-04-27 11:06:49,BAD,WARN,OK,BAD,BAD,WARN,BAD,WARN,OK,BAD,OK,WARN
2025-04-27 11:09:31,2025-04-27 11:23:31,BAD,WARN,OK,BAD,BAD,WARN,BAD,WARN,OK,BAD,OK,WARN
2025-04-27 11:26:13,2025-04-27 11:40:13,BAD,WARN,OK,BAD,BAD,WARN,BAD,WARN,OK,BAD,OK,WARN
2025-04-27 11:42:51,2025-04-27 11:56:51,BAD,WARN,OK,BAD,BAD,WARN,BAD,WARN,OK,BAD,OK,WARN
2025-04-27 11:59:30,2025-04-27 12:13:30,BAD,WARN,OK,BAD,BAD,WARN,BAD,WARN,OK,BAD,OK,WARN
2025-04-27 12:16:12,2025-04-27 12:30:12,BAD,WARN,OK,BAD,BAD,WARN,BAD,WARN,OK,BAD,OK,WARN
2025-04-27 12:32:50,2025-04-27 12:46:50,BAD,WARN,OK,BAD,BAD,WARN,BAD,WARN,OK,BAD,OK,WARN
2025-04-27 12:49:30,2025-04-27 13:03:30,BAD,WARN,OK,BAD,BAD,WARN,BAD,WARN,OK,BAD,OK,WARN
2025-04-27 13:06:10,2025-04-27 13:20:10,BAD,WARN,OK,BAD,BAD,WARN,BAD,WARN,OK,BAD,OK,WARN
2025-04-27 13:22:49,2025-04-27 13:36:49,BAD,WARN,OK,BAD,BAD,WARN,BAD,WARN,OK,BAD,OK,WARN
2025-04-27 13:39:28,2025-04-27 13:53:28,BAD,WARN,OK,BAD,BAD,WARN,BAD,WARN,OK,BAD,OK,WARN
2025-04-27 13:56:11,2025-04-27 14:10:11,BAD,WARN,OK,BAD,BAD,WARN,BAD,WARN,OK,BAD,OK,WARN
2025-04-27 14:12:49,2025-04-27 14:26:49,BAD,WARN,OK,BAD,BAD,WARN,BAD,WARN,OK,BAD,OK,WARN
2025-04-27 14:29:32,2025-04-27 14:43:32,BAD,WARN,OK,BAD,BAD,WARN,BAD,WARN,OK,BAD,OK,WARN
2025-04-27 14:46:12,2025-04-27 15:00:12,BAD,WARN,OK,BAD,BAD,WARN,BAD,WARN,OK,BAD,OK,WARN
2025-04-27 15:02:52,2025-04-27 15:16:52,BAD,WARN,OK,BAD,BAD,WARN,BAD,WARN,OK,BAD,OK,WARN
2025-04-27 15:19:33,2025-04-27 15:33:33,BAD,WARN,OK,BAD,BAD,WARN,BAD,WARN,OK,BAD,OK,WARN
2025-04-27 15:36:16,2025-04-27 15:50:16,BAD,WARN,OK,BAD,BAD,WARN,BAD,WARN,OK,BAD,OK,WARN
2025-04-27 15:52:57,2025-04-27 16:06:57,BAD,WARN,OK,BAD,BAD,WARN,BAD,WARN,OK,BAD,OK,WARN
2025-04-27 16:09:39,2025-04-27 16:23:39,BAD,WARN,OK,BAD,BAD,WARN,BAD,WARN,OK,BAD,OK,WARN
2025-04-27 16:26:24,2025-04-27 16:40:24,BAD,WARN,OK,BAD,BAD,WARN,BAD,WARN,OK,BAD,OK,WARN
2025-04-27 16:43:05,2025-04-27 16:57:05,BAD,WARN,OK,BAD,BAD,WARN,BAD,WARN,OK,BAD,OK,WARN
2025-04-27 16:59:46,2025-04-27 17:13:46,BAD,WARN,OK,BAD,BAD,WARN,BAD,WARN,OK,BAD,OK,WARN
2025-04-27 17:16:26,2025-04-27 17:30:26,BAD,WARN,OK,BAD,BAD,WARN,BAD,WARN,OK,BAD,OK,WARN
2025-04-27 17:33:06,2025-04-27 17:47:06,BAD,WARN,OK,BAD,BAD,WARN,BAD,WARN,OK,BAD,OK,WARN
2025-04-27 17:49:46,2025-04-27 18:03:46,BAD,WARN,OK,BAD,BAD,WARN,BAD,WARN,OK,BAD,OK,WARN
2025-04-27 18:06:26,2025-04-27 18:20:26,BAD,WARN,OK,BAD,BAD,WARN,BAD,WARN,OK,BAD,OK,WARN
2025-04-27 18:23:06,2025-04-27 18:37:06,BAD,WARN,OK,BAD,BAD,WARN,BAD,WARN,OK,BAD,OK,WARN
2025-04-27 18:39:45,2025-04-27 18:53:45,BAD,WARN,OK,BAD,BAD,WARN,BAD,WARN,OK,BAD,OK,WARN
2025-04-27 18:56:23,2025-04-27 19:10:23,BAD,WARN,OK,BAD,BAD,WARN,BAD,WARN,OK,BAD,OK,WARN
2025-04-27 19:12:58,2025-04-27 19:26:58,BAD,WARN,OK,BAD,BAD,WARN,BAD,WARN,OK,BAD,OK,WARN
2025-04-27 19:29:36,2025-04-27 19:43:36,BAD,WARN,OK,BAD,BAD,WARN,BAD,WARN,OK,BAD,OK,WARN
2025-04-27 19:46:14,2025-04-27 20:00:14,BAD,WARN,OK,BAD,BAD,WARN,BAD,WARN,OK,BAD,OK,WARN
2025-04-27 20:02:49,2025-04-27 20:16:49,BAD,WARN,OK,BAD,BAD,WARN,BAD,WARN,OK,BAD,OK,WARN
2025-04-27 20:19:30,2025-04-27 20:33:30,BAD,WARN,OK,BAD,BAD,WARN,BAD,WARN,OK,BAD,OK,WARN
2025-04-27 20:36:12,2025-04-27 20:50:12,BAD,WARN,OK,BAD,BAD,WARN,BAD,WARN,OK,BAD,OK,WARN
2025-04-27 20:52:56,2025-04-27 21:06:56,BAD,WARN,OK,BAD,BAD,WARN,BAD,WARN,OK,BAD,OK,WARN
2025-04-27 21:09:35,2025-04-27 21:23:35,BAD,WARN,OK,BAD,BAD,WARN,BAD,WARN,OK,BAD,OK,WARN
2025-04-27 21:26:13,2025-04-27 21:40:13,BAD,WARN,OK,BAD,BAD,WARN,BAD,WARN,OK,BAD,OK,WARN
2025-04-27 21:42:49,2025-04-27 21:56:49,BAD,WARN,OK,BAD,BAD,WARN,BAD,WARN,OK,BAD,OK,WARN
2025-04-27 21:59:23,2025-04-27 22:13:23,BAD,WARN,OK,BAD,BAD,WARN,BAD,WARN,OK,BAD,OK,WARN
2025-04-27 22:15:59,2025-04-27 22:29:59,BAD,WARN,OK,BAD,BAD,WARN,BAD,WARN,OK,BAD,OK,WARN
2025-04-27 22:32:36,2025-04-27 22:46:36,BAD,WARN,OK,BAD,BAD,WARN,BAD,WARN,OK,BAD,OK,WARN
2025-04-27 22:49:13,2025-04-27 23:03:13,BAD,WARN,OK,BAD,BAD,WARN,BAD,WARN,OK,BAD,OK,WARN
2025-04-27 23:05:49,2025-04-27 23:19:49,BAD,WARN,OK,BAD,BAD,WARN,BAD,WARN,OK,BAD,OK,WARN
2025-04-27 23:22:25,2025-04-27 23:36:25,BAD,WARN,OK,BAD,BAD,WARN,BAD,WARN,OK,BAD,OK,WARN
2025-04-27 23:39:00,2025-04-27 23:53:00,BAD,WARN,OK,BAD,BAD,WARN,BAD,WARN,OK,BAD,OK,WARN
2025-04-27 23:55:35,2025-04-28 00:09:35,BAD,WARN,OK,BAD,BAD,WARN,BAD,WARN,OK,BAD,OK,WARN
2025-04-28 00:12:10,2025-04-28 00:26:10,BAD,WARN,OK,BAD,BAD,WARN,BAD,WARN,OK,BAD,OK,WARN
2025-04-28 00:28:46,2025-04-28 00:42:46,BAD,WARN,OK,BAD,BAD,WARN,BAD,WARN,OK,BAD,OK,WARN
2025-04-28 00:45:22,2025-04-28 00:59:22,BAD,WARN,OK,BAD,BAD,WARN,BAD,WARN,OK,BAD,OK,WARN
2025-04-28 01:02:05,2025-04-28 01:16:05,BAD,WARN,OK,BAD,BAD,WARN,BAD,WARN,OK,BAD,OK,WARN
2025-04-28 01:18:32,2025-04-28 01:32:32,BAD,WARN,OK,BAD,BAD,WARN,BAD,WARN,OK,BAD,OK,WARN
2025-04-28 01:34:58,2025-04-28 01:48:58,BAD,WARN,OK,BAD,BAD,WARN,BAD,WARN,OK,BAD,OK,WARN
2025-04-28 01:51:20,2025-04-28 02:05:20,BAD,WARN,OK,BAD,BAD,WARN,BAD,WARN,OK,BAD,OK,WARN
2025-04-28 02:07:42,2025-04-28 02:21:42,BAD,WARN,OK,BAD,BAD,WARN,BAD,WARN,OK,BAD,OK,WARN
2025-04-28 02:24:05,2025-04-28 02:38:05,BAD,WARN,OK,BAD,BAD,WARN,BAD,WARN,OK,BAD,OK,WARN
2025-04-28 02:40:27,2025-04-28 02:54:27,BAD,WARN,OK,BAD,BAD,WARN,BAD,WARN,OK,BAD,OK,WARN
2025-04-28 02:56:47,2025-04-28 03:10:47,BAD,WARN,OK,BAD,BAD,WARN,BAD,WARN,OK,BAD,OK,WARN
2025-04-28 03:13:06,2025-04-28 03:27:06,BAD,WARN,OK,BAD,BAD,WARN,BAD,WARN,OK,BAD,OK,WARN
2025-04-28 03:29:24,2025-04-28 03:43:24,BAD,WARN,OK,BAD,BAD,WARN,BAD,WARN,OK,BAD,OK,WARN
2025-04-28 03:45:46,2025-04-28 03:59:46,BAD,WARN,OK,BAD,BAD,WARN,BAD,WARN,OK,BAD,OK,WARN
2025-04-28 04:02:10,2025-04-28 04:16:10,BAD,WARN,OK,BAD,BAD,WARN,BAD,WARN,OK,BAD,OK,WARN
2025-04-28 04:18:33,2025-04-28 04:32:33,BAD,WARN,OK,BAD,BAD,WARN,BAD,WARN,OK,BAD,OK,WARN
2025-04-28 04:34:56,2025-04-28 04:48:56,BAD,WARN,OK,BAD,BAD,WARN,BAD,WARN,OK,BAD,OK,WARN
2025-04-28 04:51:18,2025-04-28 05:05:18,BAD,WARN,OK,BAD,BAD,WARN,BAD,WARN,OK,BAD,OK,WARN
2025-04-28 05:07:43,2025-04-28 05:21:43,BAD,WARN,OK,BAD,BAD,WARN,BAD,WARN,OK,BAD,OK,WARN
2025-04-28 05:23:50,2025-04-28 05:37:50,BAD,WARN,OK,BAD,BAD,WARN,BAD,WARN,OK,BAD,OK,WARN
2025-04-28 05:39:47,2025-04-28 05:53:47,BAD,WARN,OK,BAD,BAD,WARN,BAD,WARN,OK,BAD,OK,WARN
2025-04-28 05:56:31,2025-04-28 06:10:31,OK,OK,OK,OK,BAD,BAD,BAD,WARN,OK,BAD,OK,WARN
2025-04-28 06:12:54,2025-04-28 06:26:54,OK,OK,OK,OK,BAD,BAD,OK,OK,OK,BAD,OK,WARN
2025-04-28 06:29:02,2025-04-28 06:43:02,OK,OK,OK,OK,BAD,BAD,OK,OK,OK,BAD,OK,WARN
2025-04-28 06:44:58,2025-04-28 06:58:58,OK,OK,OK,OK,BAD,BAD,OK,OK,OK,BAD,OK,WARN
2025-04-28 07:00:56,2025-04-28 07:14:56,OK,OK,OK,OK,BAD,BAD,OK,OK,OK,BAD,OK,WARN
2025-04-28 07:16:53,2025-04-28 07:30:53,OK,OK,OK,OK,BAD,BAD,OK,OK,OK,BAD,OK,WARN
2025-04-28 07:32:59,2025-04-28 07:46:59,OK,OK,OK,OK,BAD,BAD,OK,OK,OK,BAD,OK,WARN
2025-04-28 07:48:50,2025-04-28 08:02:50,OK,OK,OK,OK,BAD,BAD,OK,OK,OK,BAD,OK,WARN
2025-04-28 08:04:56,2025-04-28 08:18:56,OK,OK,OK,OK,BAD,BAD,OK,OK,OK,BAD,OK,WARN
2025-04-28 08:20:48,2025-04-28 08:34:48,OK,OK,OK,OK,BAD,BAD,OK,OK,OK,BAD,OK,WARN
2025-04-28 08:36:33,2025-04-28 08:50:33,OK,OK,OK,OK,BAD,BAD,OK,OK,OK,BAD,OK,WARN
2025-04-28 08:52:13,2025-04-28 09:06:13,OK,OK,OK,OK,BAD,BAD,OK,OK,OK,BAD,OK,WARN
2025-04-28 09:07:55,2025-04-28 09:21:55,OK,OK,BAD,OK,WARN,BAD,OK,OK,OK,BAD,OK,WARN
2025-04-28 09:23:31,2025-04-28 09:37:31,OK,OK,BAD,OK,WARN,BAD,OK,OK,OK,BAD,OK,WARN
2025-04-28 09:39:12,2025-04-28 09:53:12,OK,OK,BAD,OK,WARN,BAD,OK,OK,OK,BAD,OK,WARN
2025-04-28 09:54:52,2025-04-28 10:08:52,OK,OK,BAD,OK,WARN,BAD,OK,OK,OK,BAD,OK,WARN
2025-04-28 10:10:31,2025-04-28 10:24:31,OK,OK,BAD,OK,WARN,BAD,OK,OK,OK,BAD,OK,WARN
2025-04-28 10:26:14,2025-04-28 10:40:14,OK,OK,BAD,OK,WARN,BAD,OK,OK,OK,BAD,OK,WARN
2025-04-28 10:42:00,2025-04-28 10:56:00,OK,OK,BAD,OK,WARN,BAD,OK,OK,OK,BAD,OK,WARN
2025-04-28 10:57:39,2025-04-28 11:11:39,OK,OK,BAD,OK,WARN,BAD,OK,OK,OK,BAD,OK,WARN
2025-04-28 11:13:25,2025-04-28 11:27:25,OK,OK,BAD,OK,WARN,BAD,OK,OK,OK,BAD,OK,WARN
2025-04-28 11:29:06,2025-04-28 11:43:06,OK,OK,BAD,OK,WARN,BAD,OK,OK,OK,BAD,OK,WARN
2025-04-28 11:44:46,2025-04-28 11:58:46,OK,OK,BAD,OK,WARN,BAD,OK,OK,OK,BAD,OK,WARN
2025-04-28 12:00:25,2025-04-28 12:14:25,OK,OK,BAD,OK,WARN,BAD,OK,OK,OK,BAD,OK,WARN
2025-04-28 12:16:33,2025-04-28 12:30:33,OK,OK,BAD,OK,WARN,BAD,OK,OK,OK,BAD,OK,WARN
2025-04-28 12:32:12,2025-04-28 12:46:12,OK,OK,BAD,OK,WARN,BAD,OK,OK,OK,BAD,OK,WARN
2025-04-28 12:47:56,2025-04-28 13:01:56,OK,OK,BAD,OK,WARN,BAD,OK,OK,OK,BAD,OK,WARN
2025-04-28 13:03:38,2025-04-28 13:17:38,OK,OK,BAD,OK,WARN,BAD,OK,OK,OK,BAD,OK,WARN
2025-04-28 13:19:22,2025-04-28 13:33:22,OK,OK,BAD,OK,WARN,BAD,OK,OK,OK,BAD,OK,WARN
2025-04-28 13:35:04,2025-04-28 13:49:04,OK,OK,BAD,OK,WARN,BAD,OK,OK,OK,BAD,OK,WARN
2025-04-28 13:50:53,2025-04-28 14:04:53,OK,OK,BAD,OK,WARN,BAD,OK,OK,OK,BAD,OK,WARN
2025-04-28 14:06:35,2025-04-28 14:20:35,OK,OK,BAD,OK,WARN,BAD,OK,OK,OK,BAD,OK,WARN
2025-04-28 14:22:24,2025-04-28 14:36:24,OK,OK,BAD,OK,WARN,BAD,OK,OK,OK,BAD,OK,WARN
2025-04-28 14:38:06,2025-04-28 14:52:06,OK,OK,BAD,OK,WARN,BAD,OK,OK,OK,BAD,OK,WARN
2025-04-28 14:53:45,2025-04-28 15:07:45,OK,OK,BAD,OK,WARN,BAD,OK,OK,BAD,OK,WARN,BAD
2025-04-28 15:09:58,2025-04-28 15:23:58,OK,OK,BAD,OK,WARN,BAD,OK,OK,BAD,OK,WARN,BAD
2025-04-28 15:26:05,2025-04-28 15:40:05,OK,OK,BAD,OK,WARN,BAD,OK,OK,BAD,OK,WARN,BAD
2025-04-28 15:41:49,2025-04-28 15:55:49,OK,OK,BAD,OK,WARN,BAD,OK,OK,BAD,OK,WARN,BAD
2025-04-28 15:57:38,2025-04-28 16:11:38,OK,OK,BAD,OK,WARN,BAD,OK,OK,BAD,OK,WARN,BAD
2025-04-28 16:13:20,2025-04-28 16:27:20,OK,OK,BAD,OK,WARN,BAD,OK,OK,BAD,OK,WARN,BAD
2025-04-28 16:29:02,2025-04-28 16:43:02,OK,OK,BAD,OK,WARN,BAD,OK,OK,BAD,OK,WARN,BAD
2025-04-28 16:44:50,2025-04-28 16:58:50,OK,OK,BAD,OK,WARN,BAD,OK,OK,BAD,OK,WARN,BAD
2025-04-28 17:00:38,2025-04-28 17:14:38,OK,OK,BAD,OK,WARN,BAD,OK,OK,BAD,OK,WARN,BAD
2025-04-28 17:16:14,2025-04-28 17:30:14,OK,OK,BAD,OK,WARN,BAD,OK,OK,BAD,OK,WARN,BAD
2025-04-28 17:33:10,2025-04-28 17:47:10,BAD,WARN,BAD,BAD,WARN,WARN,BAD,WARN,BAD,OK,WARN,BAD
2025-04-28 17:55:43,2025-04-28 18:09:43,BAD,WARN,BAD,BAD,WARN,WARN,BAD,WARN,BAD,OK,WARN,BAD
2025-04-28 18:15:33,2025-04-28 18:29:33,BAD,WARN,BAD,BAD,WARN,WARN,BAD,WARN,BAD,OK,WARN,BAD
2025-04-28 18:35:24,2025-04-28 18:49:24,BAD,WARN,BAD,BAD,WARN,WARN,BAD,WARN,BAD,OK,WARN,BAD
2025-04-28 18:55:24,2025-04-28 19:09:24,BAD,WARN,BAD,BAD,WARN,WARN,BAD,WARN,BAD,OK,WARN,BAD
2025-04-28 19:15:16,2025-04-28 19:29:16,BAD,WARN,BAD,BAD,WARN,WARN,BAD,WARN,BAD,OK,WARN,BAD
2025-04-28 19:35:23,2025-04-28 19:49:23,BAD,WARN,BAD,BAD,WARN,WARN,BAD,WARN,BAD,OK,WARN,BAD
2025-04-28 19:55:20,2025-04-28 20:09:20,BAD,WARN,BAD,BAD,WARN,WARN,BAD,WARN,BAD,OK,WARN,BAD
2025-04-28 20:15:54,2025-04-28 20:29:54,BAD,WARN,BAD,BAD,WARN,WARN,BAD,WARN,BAD,OK,WARN,BAD
2025-04-28 20:35:46,2025-04-28 20:49:46,BAD,WARN,BAD,BAD,WARN,WARN,BAD,WARN,BAD,OK,WARN,BAD
2025-04-28 20:55:36,2025-04-28 21:09:36,BAD,WARN,BAD,BAD,WARN,WARN,BAD,WARN,BAD,OK,WARN,BAD
2025-04-28 21:15:26,2025-04-28 21:29:26,BAD,WARN,BAD,BAD,WARN,WARN,BAD,WARN,BAD,OK,WARN,BAD
2025-04-28 21:35:17,2025-04-28 21:49:17,BAD,WARN,BAD,BAD,WARN,WARN,BAD,WARN,BAD,OK,WARN,BAD
2025-04-28 21:54:13,2025-04-28 22:08:13,BAD,WARN,BAD,BAD,WARN,WARN,BAD,WARN,BAD,OK,WARN,BAD
2025-04-28 22:14:04,2025-04-28 22:28:04,BAD,WARN,BAD,BAD,WARN,WARN,BAD,WARN,BAD,OK,WARN,BAD
2025-04-28 22:33:54,2025-04-28 22:47:54,BAD,WARN,BAD,BAD,WARN,WARN,BAD,WARN,BAD,OK,WARN,BAD
2025-04-28 22:53:44,2025-04-28 23:07:44,BAD,WARN,BAD,BAD,WARN,WARN,BAD,WARN,BAD,OK,WARN,BAD
2025-04-28 23:13:35,2025-04-28 23:27:35,BAD,WARN,BAD,BAD,WARN,WARN,BAD,WARN,BAD,OK,WARN,BAD
2025-04-28 23:33:25,2025-04-28 23:47:25,BAD,WARN,BAD,BAD,WARN,WARN,BAD,WARN,BAD,OK,WARN,BAD
2025-04-28 23:53:15,2025-04-29 00:07:15,BAD,WARN,BAD,BAD,WARN,WARN,BAD,WARN,BAD,OK,WARN,BAD
2025-04-29 00:12:44,2025-04-29 00:26:44,BAD,WARN,BAD,BAD,WARN,WARN,BAD,WARN,BAD,OK,WARN,BAD
2025-04-29 00:32:21,2025-04-29 00:46:21,BAD,WARN,BAD,BAD,WARN,WARN,BAD,WARN,BAD,OK,WARN,BAD
2025-04-29 00:51:51,2025-04-29 01:05:51,BAD,WARN,BAD,BAD,WARN,WARN,BAD,WARN,BAD,OK,WARN,BAD
2025-04-29 01:11:13,2025-04-29 01:25:13,BAD,WARN,BAD,BAD,WARN,WARN,BAD,WARN,BAD,OK,WARN,BAD
2025-04-29 01:29:29,2025-04-29 01:43:29,BAD,WARN,BAD,BAD,WARN,WARN,BAD,WARN,BAD,OK,WARN,BAD
2025-04-29 01:47:44,2025-04-29 02:01:44,BAD,WARN,BAD,BAD,WARN,WARN,BAD,WARN,BAD,OK,WARN,BAD
2025-04-29 02:05:38,2025-04-29 02:19:38,BAD,WARN,BAD,OK,WARN,BAD,BAD,WARN,BAD,OK,WARN,BAD
2025-04-29 02:21:57,2025-04-29 02:35:57,BAD,WARN,BAD,OK,WARN,BAD,BAD,WARN,BAD,OK,WARN,BAD
2025-04-29 02:38:17,2025-04-29 02:52:17,BAD,WARN,BAD,OK,WARN,BAD,BAD,WARN,BAD,OK,WARN,BAD
2025-04-29 02:54:35,2025-04-29 03:08:35,BAD,WARN,BAD,OK,WARN,BAD,BAD,WARN,BAD,OK,WARN,BAD
2025-04-29 03:11:54,2025-04-29 03:25:54,BAD,WARN,BAD,BAD,WARN,WARN,BAD,WARN,BAD,OK,WARN,BAD
2025-04-29 03:30:52,2025-04-29 03:44:52,BAD,WARN,BAD,BAD,WARN,WARN,BAD,WARN,BAD,OK,WARN,BAD
2025-04-29 03:49:02,2025-04-29 04:03:02,BAD,WARN,BAD,BAD,WARN,WARN,BAD,WARN,BAD,OK,WARN,BAD
2025-04-29 04:06:58,2025-04-29 04:20:58,BAD,WARN,BAD,BAD,WARN,WARN,BAD,WARN,BAD,OK,WARN,BAD
2025-04-29 04:25:14,2025-04-29 04:39:14,BAD,WARN,BAD,BAD,WARN,WARN,BAD,WARN,BAD,OK,WARN,BAD
2025-04-29 04:41:53,2025-04-29 04:55:53,BAD,WARN,BAD,OK,WARN,BAD,BAD,WARN,BAD,OK,WARN,BAD
2025-04-29 04:58:02,2025-04-29 05:12:02,BAD,WARN,BAD,OK,WARN,BAD,BAD,WARN,BAD,OK,WARN,BAD
2025-04-29 05:14:05,2025-04-29 05:28:05,BAD,WARN,BAD,OK,WARN,BAD,BAD,WARN,BAD,OK,WARN,BAD
2025-04-29 05:30:22,2025-04-29 05:44:22,BAD,WARN,BAD,OK,WARN,BAD,BAD,WARN,BAD,OK,WARN,BAD
2025-04-29 05:46:30,2025-04-29 06:00:30,BAD,WARN,BAD,OK,WARN,BAD,BAD,WARN,BAD,OK,WARN,BAD
2025-04-29 06:03:13,2025-04-29 06:17:13,OK,OK,BAD,OK,WARN,BAD,BAD,WARN,BAD,OK,WARN,BAD
2025-04-29 06:19:31,2025-04-29 06:33:31,OK,OK,BAD,OK,WARN,BAD,OK,OK,BAD,OK,WARN,BAD
2025-04-29 06:35:15,2025-04-29 06:49:15,OK,OK,BAD,OK,WARN,BAD,OK,OK,BAD,OK,WARN,BAD
2025-04-29 06:51:04,2025-04-29 07:05:04,OK,OK,BAD,OK,WARN,BAD,OK,OK,BAD,OK,WARN,BAD
2025-04-29 07:06:47,2025-04-29 07:20:47,OK,OK,BAD,OK,WARN,BAD,OK,OK,BAD,OK,WARN,BAD
2025-04-29 07:22:29,2025-04-29 07:36:29,OK,OK,BAD,OK,WARN,BAD,OK,OK,BAD,OK,WARN,BAD
2025-04-29 07:38:12,2025-04-29 07:52:12,OK,OK,BAD,OK,WARN,BAD,OK,OK,BAD,OK,WARN,BAD
2025-04-29 07:53:54,2025-04-29 08:07:54,OK,OK,BAD,OK,WARN,BAD,OK,OK,BAD,OK,WARN,BAD
2025-04-29 08:09:36,2025-04-29 08:23:36,OK,OK,BAD,OK,WARN,BAD,OK,OK,BAD,OK,WARN,BAD
2025-04-29 08:25:18,2025-04-29 08:39:18,OK,OK,BAD,OK,WARN,BAD,OK,OK,BAD,OK,WARN,BAD
2025-04-29 08:41:00,2025-04-29 08:55:00,OK,OK,BAD,OK,WARN,BAD,OK,OK,BAD,OK,WARN,BAD
2025-04-29 08:56:42,2025-04-29 09:10:42,OK,OK,BAD,OK,WARN,BAD,OK,OK,BAD,OK,WARN,BAD
2025-04-29 09:12:24,2025-04-29 09:26:24,OK,OK,BAD,OK,WARN,BAD,OK,OK,BAD,OK,WARN,BAD
2025-04-29 09:28:09,2025-04-29 09:42:09,OK,OK,BAD,OK,WARN,BAD,OK,OK,BAD,OK,WARN,BAD
2025-04-29 09:43:51,2025-04-29 09:57:51,OK,OK,BAD,OK,WARN,BAD,OK,OK,BAD,OK,WARN,BAD
2025-04-29 09:59:32,2025-04-29 10:13:32,OK,BAD,BAD,OK,WARN,BAD,OK,OK,BAD,OK,WARN,BAD
2025-04-29 10:15:15,2025-04-29 10:29:15,OK,OK,BAD,OK,WARN,BAD,OK,OK,BAD,OK,WARN,BAD
2025-04-29 10:30:59,2025-04-29 10:44:59,OK,OK,BAD,OK,WARN,BAD,OK,OK,BAD,OK,WARN,BAD
2025-04-29 10:46:42,2025-04-29 11:00:42,OK,OK,BAD,OK,WARN,BAD,OK,OK,BAD,OK,WARN,BAD
2025-04-29 11:02:17,2025-04-29 11:16:17,OK,OK,BAD,OK,WARN,BAD,OK,OK,BAD,OK,WARN,BAD
2025-04-29 11:17:54,2025-04-29 11:31:54,OK,OK,BAD,OK,WARN,BAD,OK,OK,BAD,OK,WARN,BAD
2025-04-29 11:33:33,2025-04-29 11:47:33,OK,OK,BAD,OK,WARN,BAD,OK,OK,BAD,OK,WARN,BAD
2025-04-29 11:49:13,2025-04-29 12:03:13,OK,OK,BAD,OK,WARN,BAD,OK,OK,BAD,OK,WARN,BAD
2025-04-29 12:04:58,2025-04-29 12:18:58,OK,OK,BAD,OK,WARN,BAD,OK,OK,BAD,OK,WARN,BAD
2025-04-29 12:20:38,2025-04-29 12:34:38,OK,OK,BAD,OK,WARN,BAD,OK,OK,BAD,OK,WARN,BAD